Workbook
Name 目标3: OFFSET('5绘图数据'!$F$3,0,0,'[1]0信息维护'!$M$6)
Name 总目标: OFFSET('5绘图数据'!$H$3,0,0,'[1]0信息维护'!$M$6)

Sheet 0信息维护
A1: 操作说明（红色字体为说明，所有表格黑色字体不要更改；只可更改蓝色字体部分的文字和数据；不能随意删除表格中的行、列或者调整表格的列宽）； 0信息维护：此表需要维护显示蓝色字体部分的数据，无则输入0或者不填数据； 1课程考核方式及成绩组成:此表蓝色字体部分输入学生基本信息和各考核方式、各目标的分值（每种考核方式的满分为100分），若无则输入0或者不填数据； 2间接评价:此表蓝色字体部分输入各目标选择A、B、C、D、E的问卷统计结果； 3课程达成度分析报告:此表数据、图片都是自动生成，只需填写蓝色字体部分的课程分析和改进措施； 4学生课程目标达成度、5绘图数据:此表数据是自动生成，只需根据班级实际学生数在表格末尾处删除多余行数或增加相应行数（增加行时，光标放在表格右下角变成“十”时直接拖拉到最后一名学生所在的行）。
A2: 一、课程基本信息
A3: 课程名称 | D3: 数据结构与算法 | J3: 课程编码 | M3: N19ZY11005
A4: 课程类别 | D4: 专业核心必修课程 | J4: 学时/学分 | M4: 96/5
A5: 开课学期 | D5: 2023-2024-2 | J5: 授课对象 | M5: 计算机学院2022级5、6班
A6: 选课人数 | D6: 141 | J6: 参评人数 | M6: 141
A7: 任课教师 | D7: 任春华、段少松 | J7: 课程责任人 | M7: 任春华老师
A8: 开课学部（院） | D8: 人工智能与大数据学部 | J8: 专业 | M8: 软件工程
A10: 二、课程目标与毕业要求的对应关系
A11: 毕业要求 课程目标 | E11: 支撑的毕业要求指标点 | P11: 支撑强度
A12: 课程总目标 | B12: 课程目标1 | E12: 学生具备分析线性表、栈和队列、串、数组和广义表、树和二叉树、图等各种基本数据结构的能力；能够针对具体问题，通过定义抽象数学模型、算法并求解。 | P12: L
B13: 课程目标2 | E13: 针对工程应用问题，学生能够利用抽象数据结构思维的能力，比较和综合各种方案在逻辑结构、存储结构的优劣。 | P13: H
B14: 课程目标3 | E14: 学生能够运用数据结构与算法的基本原理，识别和判断复杂软件工程问题中数据结构使用和算法选择的关键环节。 | P14: M
B15: 课程目标4 | E15: 学生结合具体应用案例，能够认识到有多种逻辑结构和存储结构可供选择，通过网络、文献、大模型等方法寻求应用案例的解决方案。 | P15: H
B16: 课程目标5
B17: 课程目标6
B18: 课程目标7
A20: 注：此表中所有信息应与相应课程教学大纲保持一致，H、M、L分别代表高、中、低支撑。
A22: 三、课程目标评价方式
A23: (1) 过程性评价构成及比例
A24: 过程性评价构成及比例 | E24: 平时作业 | I24: 实验考核 | R24: 合计 | S24: 归一化
A25: 课程目标1 | E25: 0.4 | I25: 0 | R25: =SUM(E25:Q25) -> 0.4 | S25: =IF($R25=0,0,E25/$R25) -> 1 | T25: =IF($R25=0,0,I25/$R25) -> 0 | U25: =IF($R25=0,0,L25/$R25) -> 0 | V25: =IF($R25=0,0,O25/$R25) -> 0
A26: 课程目标2 | E26: 0.6 | I26: 0 | R26: =SUM(E26:Q26) -> 0.6 | S26: =IF($R26=0,0,E26/$R26) -> 1 | T26: =IF($R26=0,0,I26/$R26) -> 0 | U26: =IF($R26=0,0,L26/$R26) -> 0 | V26: =IF($R26=0,0,O26/$R26) -> 0
A27: 课程目标3 | E27: 0 | I27: 0 | R27: =SUM(E27:Q27) -> 0 | S27: =IF($R27=0,0,E27/$R27) -> 0 | T27: =IF($R27=0,0,I27/$R27) -> 0 | U27: =IF($R27=0,0,L27/$R27) -> 0 | V27: =IF($R27=0,0,O27/$R27) -> 0
A28: 课程目标4 | E28: 0 | I28: 1 | R28: =SUM(E28:Q28) -> 1 | S28: =IF($R28=0,0,E28/$R28) -> 0 | T28: =IF($R28=0,0,I28/$R28) -> 1 | U28: =IF($R28=0,0,L28/$R28) -> 0 | V28: =IF($R28=0,0,O28/$R28) -> 0
A29: 课程目标5 | I29: 0 | R29: =SUM(E29:Q29) -> 0 | S29: =IF($R29=0,0,E29/$R29) -> 0 | T29: =IF($R29=0,0,I29/$R29) -> 0 | U29: =IF($R29=0,0,L29/$R29) -> 0 | V29: =IF($R29=0,0,O29/$R29) -> 0
A30: 课程目标6 | E30: 0 | I30: 0 | R30: =SUM(E30:Q30) -> 0 | S30: =IF($R30=0,0,E30/$R30) -> 0 | T30: =IF($R30=0,0,I30/$R30) -> 0 | U30: =IF($R30=0,0,L30/$R30) -> 0 | V30: =IF($R30=0,0,O30/$R30) -> 0
A31: 课程目标7 | E31: 0 | I31: 0 | R31: =SUM(E31:Q31) -> 0 | S31: =IF($R31=0,0,E31/$R31) -> 0 | T31: =IF($R31=0,0,I31/$R31) -> 0 | U31: =IF($R31=0,0,L31/$R31) -> 0 | V31: =IF($R31=0,0,O31/$R31) -> 0
A32: 备注 | E32: 每列和为100%，单元格表示某一种考核方式的给课程目标的赋分 | R32: 此处不用设置，主要用于评测考核方式对目标的支撑度
A33: (2) 直接评价构成及比例
A34: 直接评价构成及比例 | E34: 过程性评价 | I34: 结果性评价 | M34: 备注
A35: 课程目标1 | E35: 0.5 | I35: 0.5 | M35: 横行等于100%
A36: 课程目标2 | E36: 0.5 | I36: 0.5
A37: 课程目标3 | E37: 0 | I37: 1
A38: 课程目标4 | E38: 1 | I38: 0
A39: 课程目标5 | E39: 0 | I39: 0
A40: 课程目标6 | E40: 0 | I40: 0
A41: 课程目标7 | E41: 0 | I41: 0
A43: (3) 间接评价构成及比例
A44: 间接评价构成及比例 | E44: 学生调查问卷 | I44: 其它 | N44: 备注
A45: 课程目标1 | E45: 1 | N45: 横行等于100%
A46: 课程目标2 | E46: 1
A47: 课程目标3 | E47: 1
A48: 课程目标4 | E48: 1
A49: 课程目标5 | E49: 1
A50: 课程目标6
A51: 课程目标7
A53: (4) 综合评价构成及比例
A54: 综合评价构成及比例 | E54: 直接评价 | I54: 间接评价 | M54: 备注
A55: 课程目标1 | E55: 0.8 | I55: 0.2 | M55: 横行等于100%
A56: 课程目标2 | E56: 0.8 | I56: 0.2
A57: 课程目标3 | E57: 0.8 | I57: 0.2
A58: 课程目标4 | E58: 0.8 | I58: 0.2
A59: 课程目标5 | E59: 0.8 | I59: 0.2
A60: 课程目标6
A61: 课程目标7
A63: 四、考试试题对应课程分目标（不通过试卷考核的课程不填写此部分）
A64: 课程目标1 | B64: 小题号 | C64: 1 | D64: 7 | E64: 8 | F64: 9 | G64: 11 | H64: 12 | I64: 16 | J64: 17 | K64: 20 | L64: 27-35 | R64: 合计
B65: 分值 | C65: 2 | D65: 2 | E65: 2 | F65: 2 | G65: 2 | H65: 2 | I65: 2 | J65: 2 | K65: 2 | L65: 18 | R65: =SUM(C65:Q65) -> 36
A66: 课程目标2 | B66: 小题号 | C66: 3 | D66: 6 | E66: 13 | F66: 14 | G66: 18 | H66: 19 | I66: 23 | J66: 24 | K66: 37-38
B67: 分值 | C67: 2 | D67: 2 | E67: 2 | F67: 2 | G67: 2 | H67: 2 | I67: 2 | J67: 2 | K67: 14 | R67: =SUM(C67:Q67) -> 30
A68: 课程目标3 | B68: 小题号 | C68: 2 | D68: 4 | E68: 5 | F68: 10 | G68: 15 | H68: 21 | I68: 22 | J68: 25 | K68: 26 | L68: 36 | M68: 39
B69: 分值 | C69: 2 | D69: 2 | E69: 2 | F69: 2 | G69: 2 | H69: 2 | I69: 2 | J69: 2 | K69: 2 | L69: 6 | M69: 10 | R69: =SUM(C69:Q69) -> 34
A70: 课程目标4 | B70: 小题号
B71: 分值 | R71: =SUM(C71:Q71) -> 0
A72: 课程目标5 | B72: 小题号
B73: 分值 | R73: =SUM(C73:Q73) -> 0
A74: 课程目标6 | B74: 小题号
B75: 分值 | R75: =SUM(C75:Q75) -> 0
A76: 课程目标7 | B76: 小题号
B77: 分值 | R77: =SUM(C77:Q77) -> 0
A78: 总分 | R78: =SUM(R65:R77) -> 100
A80: 注：1.将实际试题序号填入对应的课程目标空格中，每题下方填写该题分值。
A81: 2.此表中的课程分目标只写目标名称，如“课程目标1”。
A83: 五、课程目标达成度目标分值
A84: 课程目标 | D84: 评价方式 | I84: 目标分值 | L84: 说明
A85: 课程目标1 | D85: 直接评价 | E85: 过程性评价 | F85: =$E$24 -> 平时作业 | I85: =100*E25 -> 40 | L85: 此部分数据根据三（1）自动生成
F86: =$I$24 -> 实验考核 | I86: =100*I25 -> 0
F87: =$L$24 -> 0 | I87: =100*L25 -> 0
F88: =$O$24 -> 0 | I88: =100*O25 -> 0
E89: 结果性评价 | I89: =R65 -> 36 | L89: 不通过试卷考核的需要手动填写该值
D90: 间接评价 | I90: 1
A91: 课程目标2 | D91: 直接评价 | E91: 过程性评价 | F91: =$E$24 -> 平时作业 | I91: =100*E26 -> 60 | L91: 此部分数据根据三（1）自动生成
F92: =$I$24 -> 实验考核 | I92: =100*I26 -> 0
F93: =$L$24 -> 0 | I93: =100*L26 -> 0
F94: =$O$24 -> 0 | I94: =100*O26 -> 0
E95: 结果性评价 | I95: =R67 -> 30 | L95: 不通过试卷考核的需要手动填写该值
D96: 间接评价 | I96: 1
A97: 课程目标3 | D97: 直接评价 | E97: 过程性评价 | F97: =$E$24 -> 平时作业 | I97: =100*E27 -> 0 | L97: 此部分数据根据三（1）自动生成
F98: =$I$24 -> 实验考核 | I98: =100*I27 -> 0
F99: =$L$24 -> 0 | I99: =100*L27 -> 0
F100: =$O$24 -> 0 | I100: =100*O27 -> 0
E101: 结果性评价 | I101: =R69 -> 34 | L101: 不通过试卷考核的需要手动填写该值
D102: 间接评价 | I102: 1
A103: 课程目标4 | D103: 直接评价 | E103: 过程性评价 | F103: =$E$24 -> 平时作业 | I103: =100*E28 -> 0 | L103: 此部分数据根据三（1）自动生成
F104: =$I$24 -> 实验考核 | I104: =100*I28 -> 100
F105: =$L$24 -> 0 | I105: =100*L28 -> 0
F106: =$O$24 -> 0 | I106: =100*O28 -> 0
E107: 结果性评价 | I107: =R71 -> 0 | L107: 不通过试卷考核的需要手动填写该值
D108: 间接评价 | I108: 1
...

Sheet 1课程考核方式及成绩组成
A1: 课程考核方式及成绩组成
A2: 课程： | C2: ='0信息维护'!D3 -> 数据结构与算法 | G2: 课程编码： | O2: ='0信息维护'!M3 -> N19ZY11005 | AD2: 专业： | AF2: ='0信息维护'!M8 -> 软件工程
A3: 班级： | C3: ='0信息维护'!M5 -> 计算机学院2022级5、6班 | G3: 开课学部（院）： | O3: ='0信息维护'!D8 -> 人工智能与大数据学部 | AD3: 任课教师： | AF3: ='0信息维护'!D7 -> 任春华、段少松
A6: 序号 | B6: 学生基本信息 | F6: ='0信息维护'!E24 -> 平时作业 | N6: ='0信息维护'!I24 -> 实验考核 | V6: ='0信息维护'!L24 -> 0 | AD6: ='0信息维护'!O24 -> 0 | AL6: ='0信息维护'!I34 -> 结果性评价
F7: （满分100分） | N7: （满分100分） | V7: （满分100分） | AD7: （满分100分） | AL7: （满分100分）
B8: 专业名 | C8: 班级 | D8: 学号 | E8: 姓名 | F8: 目标1 | G8: 目标2 | H8: 目标3 | I8: 目标4 | J8: 目标5 | K8: 目标6 | L8: 目标7 | M8: 总分 | N8: 目标1 | O8: 目标2 | P8: 目标3 | Q8: 目标4 | R8: 目标5 | S8: 目标6 | T8: 目标7 | U8: 总分 | V8: 目标1 | W8: 目标2 | X8: 目标3 | Y8: 目标4 | Z8: 目标5 | AA8: 目标6 | AB8: 目标7 | AC8: 总分 | AD8: 目标1 | AE8: 目标2 | AF8: 目标3 | AG8: 目标4 | AH8: 目标5 | AI8: 目标6 | AJ8: 目标7 | AK8: 总分 | AL8: 目标1 | AM8: 目标2 | AN8: 目标3 | AO8: 目标4 | AP8: 目标5 | AQ8: 目标6 | AR8: 目标7 | AS8: 总分
B9: 目标分值 | F9: ='0信息维护'!I85 -> 40 | G9: ='0信息维护'!I91 -> 60 | H9: ='0信息维护'!I97 -> 0 | I9: ='0信息维护'!I103 -> 0 | J9: ='0信息维护'!I109 -> 0 | K9: ='0信息维护'!I115 -> 0 | L9: ='0信息维护'!I121 -> 0 | M9: =SUM(F9:L9) -> 100 | N9: ='0信息维护'!I86 -> 0 | O9: ='0信息维护'!I92 -> 0 | P9: ='0信息维护'!I98 -> 0 | Q9: ='0信息维护'!I104 -> 100 | R9: ='0信息维护'!I110 -> 0 | S9: ='0信息维护'!I116 -> 0 | T9: ='0信息维护'!I122 -> 0 | U9: =SUM(N9:T9) -> 100 | V9: ='0信息维护'!I87 -> 0 | W9: ='0信息维护'!I93 -> 0 | X9: ='0信息维护'!I99 -> 0 | Y9: ='0信息维护'!I105 -> 0 | Z9: ='0信息维护'!I111 -> 0 | AA9: ='0信息维护'!I117 -> 0 | AB9: ='0信息维护'!I123 -> 0 | AC9: =SUM(V9:AB9) -> 0 | AD9: ='0信息维护'!I88 -> 0 | AE9: ='0信息维护'!I94 -> 0 | AF9: ='0信息维护'!I100 -> 0 | AG9: ='0信息维护'!I106 -> 0 | AH9: ='0信息维护'!I112 -> 0 | AI9: ='0信息维护'!I118 -> 0 | AJ9: ='0信息维护'!I124 -> 0 | AK9: =SUM(AD9:AJ9) -> 0 | AL9: ='0信息维护'!I89 -> 36 | AM9: ='0信息维护'!I95 -> 30 | AN9: ='0信息维护'!I101 -> 34 | AO9: ='0信息维护'!I107 -> 0 | AP9: ='0信息维护'!I113 -> 0 | AQ9: ='0信息维护'!I119 -> 0 | AR9: ='0信息维护'!I125 -> 0 | AS9: =SUM(AL9:AR9) -> 100
A10: 1 | B10: 软件工程 | C10: 人工智能学部22级5班 | D10: 180202041 | E10: 林振杨 | F10: 30 | G10: 50 | M10: =SUM(F10:L10) -> 80 | Q10: 73 | U10: =SUM(N10:T10) -> 73 | AC10: =SUM(V10:AB10) -> 0 | AK10: =SUM(AD10:AJ10) -> 0 | AL10: 28 | AM10: 20 | AN10: 14 | AS10: =SUM(AL10:AR10) -> 62
A11: 2 | B11: 软件工程 | C11: 人工智能学部22级5班 | D11: 180301007 | E11: 刘彪 | F11: 40 | G11: 60 | M11: =SUM(F11:L11) -> 100 | Q11: 83 | U11: =SUM(N11:T11) -> 83 | AC11: =SUM(V11:AB11) -> 0 | AK11: =SUM(AD11:AJ11) -> 0 | AL11: 30 | AM11: 24 | AN11: 19 | AS11: =SUM(AL11:AR11) -> 73
A12: 3 | B12: 软件工程 | C12: 人工智能学部20级3班 | D12: 180301010 | E12: 童祉昂 | F12: 40 | G12: 60 | M12: =SUM(F12:L12) -> 100 | Q12: 60 | U12: =SUM(N12:T12) -> 60 | AC12: =SUM(V12:AB12) -> 0 | AK12: =SUM(AD12:AJ12) -> 0 | AL12: 34 | AM12: 25 | AN12: 19 | AS12: =SUM(AL12:AR12) -> 78
A13: 4 | B13: 软件工程 | C13: 人工智能学部22级5班 | D13: 180301042 | E13: 覃朝雄 | F13: 40 | G13: 60 | M13: =SUM(F13:L13) -> 100 | Q13: 75 | U13: =SUM(N13:T13) -> 75 | AC13: =SUM(V13:AB13) -> 0 | AK13: =SUM(AD13:AJ13) -> 0 | AL13: 34 | AM13: 21 | AN13: 20 | AS13: =SUM(AL13:AR13) -> 75
A14: 5 | B14: 软件工程 | C14: 人工智能学部22级5班 | D14: 190301001 | E14: 温佳洛 | F14: 35 | G14: 55 | M14: =SUM(F14:L14) -> 90 | Q14: 77 | U14: =SUM(N14:T14) -> 77 | AC14: =SUM(V14:AB14) -> 0 | AK14: =SUM(AD14:AJ14) -> 0 | AL14: 22 | AM14: 7 | AN14: 17 | AS14: =SUM(AL14:AR14) -> 46
A15: 6 | B15: 软件工程 | C15: 人工智能学部22级5班 | D15: 190301002 | E15: 周涛 | F15: 40 | G15: 60 | M15: =SUM(F15:L15) -> 100 | Q15: 87 | U15: =SUM(N15:T15) -> 87 | AC15: =SUM(V15:AB15) -> 0 | AK15: =SUM(AD15:AJ15) -> 0 | AL15: 32 | AM15: 30 | AN15: 25 | AS15: =SUM(AL15:AR15) -> 87
A16: 7 | B16: 软件工程 | C16: 人工智能学部22级5班 | D16: 190301003 | E16: 何中尉 | F16: 40 | G16: 60 | M16: =SUM(F16:L16) -> 100 | Q16: 85 | U16: =SUM(N16:T16) -> 85 | AC16: =SUM(V16:AB16) -> 0 | AK16: =SUM(AD16:AJ16) -> 0 | AL16: 28 | AM16: 18 | AN16: 20 | AS16: =SUM(AL16:AR16) -> 66
A17: 8 | B17: 软件工程 | C17: 人工智能学部20级3班 | D17: 190301004 | E17: 王华鹏 | F17: 0 | G17: 0 | M17: =SUM(F17:L17) -> 0 | Q17: 0 | U17: =SUM(N17:T17) -> 0 | AC17: =SUM(V17:AB17) -> 0 | AK17: =SUM(AD17:AJ17) -> 0 | AL17: 18 | AM17: 14 | AN17: 8 | AS17: =SUM(AL17:AR17) -> 40
A18: 9 | B18: 软件工程 | C18: 人工智能学部22级5班 | D18: 190301005 | E18: 袁竹 | F18: 40 | G18: 60 | M18: =SUM(F18:L18) -> 100 | Q18: 85 | U18: =SUM(N18:T18) -> 85 | AC18: =SUM(V18:AB18) -> 0 | AK18: =SUM(AD18:AJ18) -> 0 | AL18: 28 | AM18: 20 | AN18: 19 | AS18: =SUM(AL18:AR18) -> 67
A19: 10 | B19: 软件工程 | C19: 人工智能学部22级5班 | D19: 190301006 | E19: 苟晨雨 | F19: 35 | G19: 55 | M19: =SUM(F19:L19) -> 90 | Q19: 83 | U19: =SUM(N19:T19) -> 83 | AC19: =SUM(V19:AB19) -> 0 | AK19: =SUM(AD19:AJ19) -> 0 | AL19: 30 | AM19: 20 | AN19: 19 | AS19: =SUM(AL19:AR19) -> 69
A20: 11 | B20: 软件工程 | C20: 人工智能学部22级5班 | D20: 190301007 | E20: 夏婧姣 | F20: 35 | G20: 45 | M20: =SUM(F20:L20) -> 80 | Q20: 75 | U20: =SUM(N20:T20) -> 75 | AC20: =SUM(V20:AB20) -> 0 | AK20: =SUM(AD20:AJ20) -> 0 | AL20: 16 | AM20: 17 | AN20: 10 | AS20: =SUM(AL20:AR20) -> 43
A21: 12 | B21: 软件工程 | C21: 人工智能学部22级5班 | D21: 190301008 | E21: 王思皓 | F21: 35 | G21: 45 | M21: =SUM(F21:L21) -> 80 | Q21: 70 | U21: =SUM(N21:T21) -> 70 | AC21: =SUM(V21:AB21) -> 0 | AK21: =SUM(AD21:AJ21) -> 0 | AL21: 22 | AM21: 6 | AN21: 10 | AS21: =SUM(AL21:AR21) -> 38
... A81: 72 | B81: 软件工程 | C81: 人工智能学部22级5班 | D81: 190706029 | E81: 谢玉婷 | F81: 40 | G81: 60 | M81: =SUM(F81:L81) -> 100 | Q81: 82 | U81: =SUM(N81:T81) -> 82 | AC81: =SUM(V81:AB81) -> 0 | AK81: =SUM(AD81:AJ81) -> 0 | AL81: 25 | AM81: 22 | AN81: 18 | AS81: =SUM(AL81:AR81) -> 65
A82: 73 | B82: 软件工程 | C82: 人工智能学部22级5班 | D82: 190706030 | E82: 魏雨婷 | F82: 40 | G82: 60 | M82: =SUM(F82:L82) -> 100 | Q82: 87 | U82: =SUM(N82:T82) -> 87 | AL82: 26 | AM82: 18 | AN82: 14 | AS82: =SUM(AL82:AR82) -> 58
A83: 74 | B83: 软件工程 | C83: 人工智能学部22级6班 | D83: 210110106 | E83: 田磊 | F83: 34 | G83: 51 | M83: 85 | Q83: 79 | U83: 79 | AL83: 22 | AM83: 17 | AN83: 20 | AS83: 59
A84: 75 | B84: 软件工程 | C84: 人工智能学部22级6班 | D84: 210402111 | E84: 汪博伦 | F84: 32 | G84: 50 | M84: 82 | Q84: 82 | U84: 82 | AL84: 22 | AM84: 11 | AN84: 15 | AS84: 48
A85: 76 | B85: 软件工程 | C85: 人工智能学部22级6班 | D85: 210402112 | E85: 李乐斌 | F85: 34 | G85: 51 | M85: 85 | Q85: 74 | U85: 74 | AL85: 24 | AM85: 17 | AN85: 20 | AS85: 61
A86: 77 | B86: 软件工程 | C86: 人工智能学部22级6班 | D86: 210504123 | E86: 陈小愉 | F86: 32 | G86: 48 | M86: 80 | Q86: 72 | U86: 72 | AL86: 15 | AM86: 13 | AN86: 11 | AS86: 39
A87: 78 | B87: 软件工程 | C87: 人工智能学部22级6班 | D87: 220106101 | E87: 伍海涵 | F87: 32 | G87: 48 | M87: 80 | Q87: 79 | U87: 79 | AL87: 13 | AM87: 19 | AN87: 14 | AS87: 46
A88: 79 | B88: 软件工程 | C88: 人工智能学部22级6班 | D88: 220106102 | E88: 周雍丁 | F88: 34 | G88: 52 | M88: 86 | Q88: 82 | U88: 82 | AL88: 30 | AM88: 23 | AN88: 23 | AS88: 76
A89: 80 | B89: 软件工程 | C89: 人工智能学部22级6班 | D89: 220106103 | E89: 李玲 | F89: 32 | G89: 48 | M89: 80 | Q89: 73 | U89: 73 | AL89: 28 | AM89: 17 | AN89: 20 | AS89: 65
A90: 81 | B90: 软件工程 | C90: 人工智能学部22级6班 | D90: 220106104 | E90: 刘川 | F90: 34 | G90: 53 | M90: 87 | Q90: 85 | U90: 85 | AL90: 28 | AM90: 22 | AN90: 25 | AS90: 75
A91: 82 | B91: 软件工程 | C91: 人工智能学部22级6班 | D91: 220106105 | E91: 王瑶 | F91: 34 | G91: 51 | M91: 85 | Q91: 75 | U91: 75 | AL91: 25 | AM91: 12 | AN91: 12 | AS91: 49
A92: 83 | B92: 软件工程 | C92: 人工智能学部22级6班 | D92: 220106106 | E92: 吴耀东 | F92: 34 | G92: 51 | M92: 85 | Q92: 89 | U92: 89 | AL92: 25 | AM92: 13 | AN92: 22 | AS92: 60
A93: 84 | B93: 软件工程 | C93: 人工智能学部22级6班 | D93: 220106107 | E93: 段高飞 | F93: 34 | G93: 51 | M93: 85 | Q93: 84 | U93: 84 | AL93: 32 | AM93: 22 | AN93: 22 | AS93: 76
A94: 85 | B94: 软件工程 | C94: 人工智能学部22级6班 | D94: 220106108 | E94: 马明月 | F94: 32 | G94: 48 | M94: 80 | Q94: 82 | U94: 82 | AL94: 24 | AM94: 21 | AN94: 14 | AS94: 59
... A150: 141 | B150: 软件工程 | C150: 人工智能学部22级6班 | D150: 221307136 | E150: 肖杰文 | F150: 34 | G150: 51 | M150: 85 | Q150: 82 | U150: 82 | AL150: 24 | AM150: 22 | AN150: 21 | AS150: 67

Sheet 2间接评价
A1: 课程目标间接评价
A2: 课程： | B2: ='0信息维护'!D3 -> 数据结构与算法 | D2: 课程编码： | E2: ='0信息维护'!M3 -> N19ZY11005
A3: 专业： | B3: ='0信息维护'!M8 -> 软件工程 | D3: 班级： | E3: ='0信息维护'!M5 -> 计算机学院2022级5、6班
A4: 开课学部（院）： | B4: ='0信息维护'!D8 -> 人工智能与大数据学部 | D4: 任课教师： | E4: ='0信息维护'!D7 -> 任春华、段少松
A6: 学生问卷调查结果 | C6: (单位：人) | D6: 占比 | E6: ='0信息维护'!E45 -> 1
A7: 课程目标 | B7: 完全达成（A） | C7: 达成（B） | D7: 基本达成（C） | E7: 较低达成（D） | F7: 未达成（E） | G7: 达成度
B8: 赋值1 | C8: 赋值0.8 | D8: 赋值0.6 | E8: 赋值0.4 | F8: 赋值0.2
A9: 课程目标1 | B9: 118 | C9: 11 | D9: 12 | E9: 0 | F9: 0 | G9: =IF(B9+C9+D9+E9+F9=0,0,1*(B9/(B9+C9+D9+E9+F9))+0.8*(C9/(B9+C9+D9+E9+F9))+0.6*(D9/(B9+C9+D9+E9+F9))+0.4*(E9/(B9+C9+D9+E9+F9))+0.2*(F9/(B9+C9+D9+E9+F9))) -> 0.95035461
A10: 课程目标2 | B10: 122 | C10: 15 | D10: 3 | E10: 1 | F10: 0 | G10: =IF(B10+C10+D10+E10+F10=0,0,1*(B10/(B10+C10+D10+E10+F10))+0.8*(C10/(B10+C10+D10+E10+F10))+0.6*(D10/(B10+C10+D10+E10+F10))+0.4*(E10/(B10+C10+D10+E10+F10))+0.2*(F10/(B10+C10+D10+E10+F10))) -> 0.96595745
A11: 课程目标3 | B11: 123 | C11: 10 | D11: 4 | E11: 3 | F11: 1 | G11: =IF(B11+C11+D11+E11+F11=0,0,1*(B11/(B11+C11+D11+E11+F11))+0.8*(C11/(B11+C11+D11+E11+F11))+0.6*(D11/(B11+C11+D11+E11+F11))+0.4*(E11/(B11+C11+D11+E11+F11))+0.2*(F11/(B11+C11+D11+E11+F11))) -> 0.95602837
A12: 课程目标4 | B12: 124 | C12: 9 | D12: 7 | E12: 1 | G12: =IF(B12+C12+D12+E12+F12=0,0,1*(B12/(B12+C12+D12+E12+F12))+0.8*(C12/(B12+C12+D12+E12+F12))+0.6*(D12/(B12+C12+D12+E12+F12))+0.4*(E12/(B12+C12+D12+E12+F12))+0.2*(F12/(B12+C12+D12+E12+F12))) -> 0.96312057
A13: 课程目标5 | G13: =IF(B13+C13+D13+E13+F13=0,0,1*(B13/(B13+C13+D13+E13+F13))+0.8*(C13/(B13+C13+D13+E13+F13))+0.6*(D13/(B13+C13+D13+E13+F13))+0.4*(E13/(B13+C13+D13+E13+F13))+0.2*(F13/(B13+C13+D13+E13+F13))) -> 0
A14: 课程目标6 | G14: =IF(B14+C14+D14+E14+F14=0,0,1*(B14/(B14+C14+D14+E14+F14))+0.8*(C14/(B14+C14+D14+E14+F14))+0.6*(D14/(B14+C14+D14+E14+F14))+0.4*(E14/(B14+C14+D14+E14+F14))+0.2*(F14/(B14+C14+D14+E14+F14))) -> 0
A15: 课程目标7 | G15: =IF(B15+C15+D15+E15+F15=0,0,1*(B15/(B15+C15+D15+E15+F15))+0.8*(C15/(B15+C15+D15+E15+F15))+0.6*(D15/(B15+C15+D15+E15+F15))+0.4*(E15/(B15+C15+D15+E15+F15))+0.2*(F15/(B15+C15+D15+E15+F15))) -> 0
A17: ='0信息维护'!I44 -> 其它 | D17: 占比 | E17: ='0信息维护'!I45 -> 0
A18: 课程目标 | B18: 完全达成（A） | C18: 达成（B） | D18: 基本达成（C） | E18: 较低达成（D） | F18: 未达成（E） | G18: 达成度
B19: 赋值1 | C19: 赋值0.8 | D19: 赋值0.6 | E19: 赋值0.4 | F19: 赋值0.2
A20: 课程目标1 | G20: =IF(B20+C20+D20+E20+F20=0,0,1*(B20/(B20+C20+D20+E20+F20))+0.8*(C20/(B20+C20+D20+E20+F20))+0.6*(D20/(B20+C20+D20+E20+F20))+0.4*(E20/(B20+C20+D20+E20+F20))+0.2*(F20/(B20+C20+D20+E20+F20))) -> 0
A21: 课程目标2 | G21: =IF(B21+C21+D21+E21+F21=0,0,1*(B21/(B21+C21+D21+E21+F21))+0.8*(C21/(B21+C21+D21+E21+F21))+0.6*(D21/(B21+C21+D21+E21+F21))+0.4*(E21/(B21+C21+D21+E21+F21))+0.2*(F21/(B21+C21+D21+E21+F21))) -> 0
A22: 课程目标3 | G22: =IF(B22+C22+D22+E22+F22=0,0,1*(B22/(B22+C22+D22+E22+F22))+0.8*(C22/(B22+C22+D22+E22+F22))+0.6*(D22/(B22+C22+D22+E22+F22))+0.4*(E22/(B22+C22+D22+E22+F22))+0.2*(F22/(B22+C22+D22+E22+F22))) -> 0
A23: 课程目标4 | G23: =IF(B23+C23+D23+E23+F23=0,0,1*(B23/(B23+C23+D23+E23+F23))+0.8*(C23/(B23+C23+D23+E23+F23))+0.6*(D23/(B23+C23+D23+E23+F23))+0.4*(E23/(B23+C23+D23+E23+F23))+0.2*(F23/(B23+C23+D23+E23+F23))) -> 0
A24: 课程目标5 | G24: =IF(B24+C24+D24+E24+F24=0,0,1*(B24/(B24+C24+D24+E24+F24))+0.8*(C24/(B24+C24+D24+E24+F24))+0.6*(D24/(B24+C24+D24+E24+F24))+0.4*(E24/(B24+C24+D24+E24+F24))+0.2*(F24/(B24+C24+D24+E24+F24))) -> 0
A25: 课程目标6 | G25: =IF(B25+C25+D25+E25+F25=0,0,1*(B25/(B25+C25+D25+E25+F25))+0.8*(C25/(B25+C25+D25+E25+F25))+0.6*(D25/(B25+C25+D25+E25+F25))+0.4*(E25/(B25+C25+D25+E25+F25))+0.2*(F25/(B25+C25+D25+E25+F25))) -> 0
A26: 课程目标7 | G26: =IF(B26+C26+D26+E26+F26=0,0,1*(B26/(B26+C26+D26+E26+F26))+0.8*(C26/(B26+C26+D26+E26+F26))+0.6*(D26/(B26+C26+D26+E26+F26))+0.4*(E26/(B26+C26+D26+E26+F26))+0.2*(F26/(B26+C26+D26+E26+F26))) -> 0
A28: 课程目标间接评价结果
A29: 评价主体 | B29: ='0信息维护'!E44 -> 学生调查问卷 | D29: ='0信息维护'!I44 -> 其它 | F29: 达成度
A30: 课程目标1 | B30: =G9 -> 0.95035461 | D30: =G20 -> 0 | F30: =B30*$E$6+D30*$E$17 -> 0.95035461
A31: 课程目标2 | B31: =G10 -> 0.96595745 | D31: =G21 -> 0 | F31: =B31*$E$6+D31*$E$17 -> 0.96595745
A32: 课程目标3 | B32: =G11 -> 0.95602837 | D32: =G22 -> 0 | F32: =B32*$E$6+D32*$E$17 -> 0.95602837
A33: 课程目标4 | B33: =G12 -> 0.96312057 | D33: =G23 -> 0 | F33: =B33*$E$6+D33*$E$17 -> 0.96312057
A34: 课程目标5 | B34: =G13 -> 0 | D34: =G24 -> 0 | F34: =B34*$E$6+D34*$E$17 -> 0
A35: 课程目标6 | B35: =G14 -> 0 | D35: =G25 -> 0 | F35: =B35*$E$6+D35*$E$17 -> 0
A36: 课程目标7 | B36: =G15 -> 0 | D36: =G26 -> 0 | F36: =B36*$E$6+D36*$E$17 -> 0

Sheet 3课程达成度分析报告
A1: ="《"&D4&"》" -> 《数据结构与算法》
A2: 课程目标达成度评价报告
A3: 一、课程基本信息
A4: 课程名称 | D4: ='0信息维护'!D3 -> 数据结构与算法 | K4: 课程编码 | P4: ='0信息维护'!M3 -> N19ZY11005
A5: 课程类别 | D5: ='0信息维护'!D4 -> 专业核心必修课程 | K5: 学时/学分 | P5: ='0信息维护'!M4 -> 96/5
A6: 开课学期 | D6: ='0信息维护'!D5 -> 2023-2024-2 | K6: 授课对象 | P6: ='0信息维护'!M5 -> 计算机学院2022级5、6班
A7: 选课人数 | D7: ='0信息维护'!D6 -> 141 | K7: 参评人数 | P7: ='0信息维护'!M6 -> 141
A8: 任课教师 | D8: ='0信息维护'!D7 -> 任春华、段少松 | K8: 课程责任人 | P8: ='0信息维护'!M7 -> 任春华老师
A10: 二、课程目标与毕业要求的对应关系
A11: 毕业要求 课程目标 | F11: 支撑的毕业要求指标点 | T11: 支撑强度
A12: ='0信息维护'!A12 -> 课程总目标 | B12: ='0信息维护'!B12 -> 课程目标1 | F12: ='0信息维护'!E12 -> 学生具备分析线性表、栈和队列、串、数组和广义表、树和二叉树、图等各种基本数据结构的能力；能够针对具体问题，通过定义抽象数学模型、算法并求解。 | T12: L
B13: ='0信息维护'!B13 -> 课程目标2 | F13: ='0信息维护'!E13 -> 针对工程应用问题，学生能够利用抽象数据结构思维的能力，比较和综合各种方案在逻辑结构、存储结构的优劣。 | T13: H
B14: ='0信息维护'!B14 -> 课程目标3 | F14: ='0信息维护'!E14 -> 学生能够运用数据结构与算法的基本原理，识别和判断复杂软件工程问题中数据结构使用和算法选择的关键环节。 | T14: H
B15: ='0信息维护'!B15 -> 课程目标4 | F15: ='0信息维护'!E15 -> 学生结合具体应用案例，能够认识到有多种逻辑结构和存储结构可供选择，通过网络、文献、大模型等方法寻求应用案例的解决方案。 | T15: L
B16: ='0信息维护'!B16 -> 课程目标5 | F16: ='0信息维护'!E16 -> 0 | T16: M
B17: ='0信息维护'!B17 -> 课程目标6 | F17: ='0信息维护'!E17 -> 0 | T17: ='0信息维护'!P17 -> 0
B18: ='0信息维护'!B18 -> 课程目标7 | F18: ='0信息维护'!E18 -> 0 | T18: ='0信息维护'!P18 -> 0
A20: 三、课程目标评价方式
A21: 评价 方式 课程 分目标 | C21: 直接评价 | R21: 间接评价
C22: 过程性评价 | O22: ='0信息维护'!I34 -> 结果性评价 | R22: ='0信息维护'!E44 -> 学生调查问卷 | T22: ='0信息维护'!I44 -> 其它
C23: ='0信息维护'!E24 -> 平时作业 | F23: ='0信息维护'!I24 -> 实验考核 | I23: ='0信息维护'!L24 -> 0 | L23: ='0信息维护'!O24 -> 0
A24: ='0信息维护'!A25 -> 课程目标1 | C24: ='0信息维护'!$S25*'0信息维护'!$E35*'0信息维护'!$E55 -> 0.4 | F24: ='0信息维护'!$T25*'0信息维护'!$E35*'0信息维护'!$E55 -> 0 | I24: ='0信息维护'!$U25*'0信息维护'!$E35*'0信息维护'!$E55 -> 0 | L24: ='0信息维护'!$V25*'0信息维护'!$E35*'0信息维护'!$E55 -> 0 | O24: ='0信息维护'!I35*'0信息维护'!E55 -> 0.4 | R24: ='0信息维护'!E45*'0信息维护'!I55 -> 0.2 | T24: ='0信息维护'!I45*'0信息维护'!I55 -> 0
A25: ='0信息维护'!A26 -> 课程目标2 | C25: ='0信息维护'!$S26*'0信息维护'!$E36*'0信息维护'!$E56 -> 0.4 | F25: ='0信息维护'!$T26*'0信息维护'!$E36*'0信息维护'!$E56 -> 0 | I25: ='0信息维护'!$U26*'0信息维护'!$E36*'0信息维护'!$E56 -> 0 | L25: ='0信息维护'!$V26*'0信息维护'!$E36*'0信息维护'!$E56 -> 0 | O25: ='0信息维护'!I36*'0信息维护'!E56 -> 0.4 | R25: ='0信息维护'!E46*'0信息维护'!I56 -> 0.2 | T25: ='0信息维护'!I46*'0信息维护'!I56 -> 0
A26: ='0信息维护'!A27 -> 课程目标3 | C26: ='0信息维护'!$S27*'0信息维护'!$E37*'0信息维护'!$E57 -> 0 | F26: ='0信息维护'!$T27*'0信息维护'!$E37*'0信息维护'!$E57 -> 0 | I26: ='0信息维护'!$U27*'0信息维护'!$E37*'0信息维护'!$E57 -> 0 | L26: ='0信息维护'!$V27*'0信息维护'!$E37*'0信息维护'!$E57 -> 0 | O26: ='0信息维护'!I37*'0信息维护'!E57 -> 0.8 | R26: ='0信息维护'!E47*'0信息维护'!I57 -> 0.2 | T26: ='0信息维护'!I47*'0信息维护'!I57 -> 0
A27: ='0信息维护'!A28 -> 课程目标4 | C27: ='0信息维护'!$S28*'0信息维护'!$E38*'0信息维护'!$E58 -> 0 | F27: ='0信息维护'!$T28*'0信息维护'!$E38*'0信息维护'!$E58 -> 0.8 | I27: ='0信息维护'!$U28*'0信息维护'!$E38*'0信息维护'!$E58 -> 0 | L27: ='0信息维护'!$V28*'0信息维护'!$E38*'0信息维护'!$E58 -> 0 | O27: ='0信息维护'!I38*'0信息维护'!E58 -> 0 | R27: ='0信息维护'!E48*'0信息维护'!I58 -> 0.2 | T27: ='0信息维护'!I48*'0信息维护'!I58 -> 0
A28: ='0信息维护'!A29 -> 课程目标5 | C28: ='0信息维护'!$S29*'0信息维护'!$E39*'0信息维护'!$E59 -> 0 | F28: ='0信息维护'!$T29*'0信息维护'!$E39*'0信息维护'!$E59 -> 0 | I28: ='0信息维护'!$U29*'0信息维护'!$E39*'0信息维护'!$E59 -> 0 | L28: ='0信息维护'!$V29*'0信息维护'!$E39*'0信息维护'!$E59 -> 0 | O28: ='0信息维护'!I39*'0信息维护'!E59 -> 0 | R28: ='0信息维护'!E49*'0信息维护'!I59 -> 0.2 | T28: ='0信息维护'!I49*'0信息维护'!I59 -> 0
A29: ='0信息维护'!A30 -> 课程目标6 | C29: ='0信息维护'!$S30*'0信息维护'!$E40*'0信息维护'!$E60 -> 0 | F29: ='0信息维护'!$T30*'0信息维护'!$E40*'0信息维护'!$E60 -> 0 | I29: ='0信息维护'!$U30*'0信息维护'!$E40*'0信息维护'!$E60 -> 0 | L29: ='0信息维护'!$V30*'0信息维护'!$E40*'0信息维护'!$E60 -> 0 | O29: ='0信息维护'!I40*'0信息维护'!E60 -> 0 | R29: ='0信息维护'!E50*'0信息维护'!I60 -> 0 | T29: ='0信息维护'!I50*'0信息维护'!I60 -> 0
A30: ='0信息维护'!A31 -> 课程目标7 | C30: ='0信息维护'!$S31*'0信息维护'!$E41*'0信息维护'!$E61 -> 0 | F30: ='0信息维护'!$T31*'0信息维护'!$E41*'0信息维护'!$E61 -> 0 | I30: ='0信息维护'!$U31*'0信息维护'!$E41*'0信息维护'!$E61 -> 0 | L30: ='0信息维护'!$V31*'0信息维护'!$E41*'0信息维护'!$E61 -> 0 | O30: ='0信息维护'!I41*'0信息维护'!E61 -> 0 | R30: ='0信息维护'!E51*'0信息维护'!I61 -> 0 | T30: ='0信息维护'!I51*'0信息维护'!I61 -> 0
A32: 四、考试试题对应课程分目标
A33: 课程目标1 | C33: 小题号 | D33: ='0信息维护'!C64 -> 1 | E33: ='0信息维护'!D64 -> 7 | F33: ='0信息维护'!E64 -> 8 | G33: ='0信息维护'!F64 -> 9 | H33: ='0信息维护'!G64 -> 11 | I33: ='0信息维护'!H64 -> 12 | J33: ='0信息维护'!I64 -> 16 | K33: ='0信息维护'!J64 -> 17 | ... R33: ='0信息维护'!Q64 -> 0 | S33: 合计
C34: 分值 | D34: ='0信息维护'!C65 -> 2 | E34: ='0信息维护'!D65 -> 2 | F34: ='0信息维护'!E65 -> 2 | G34: ='0信息维护'!F65 -> 2 | H34: ='0信息维护'!G65 -> 2 | I34: ='0信息维护'!H65 -> 2 | J34: ='0信息维护'!I65 -> 2 | K34: ='0信息维护'!J65 -> 2 | ... S34: ='0信息维护'!R65 -> 36
A35: 课程目标2 | C35: 小题号 | D35: ='0信息维护'!C66 -> 3 | E35: ='0信息维护'!D66 -> 6 | F35: ='0信息维护'!E66 -> 13 | G35: ='0信息维护'!F66 -> 14 | H35: ='0信息维护'!G66 -> 18 | I35: ='0信息维护'!H66 -> 19 | J35: ='0信息维护'!I66 -> 23 | K35: ='0信息维护'!J66 -> 24 | ... R35: ='0信息维护'!Q66 -> 0
C36: 分值 | D36: ='0信息维护'!C67 -> 2 | E36: ='0信息维护'!D67 -> 2 | F36: ='0信息维护'!E67 -> 2 | G36: ='0信息维护'!F67 -> 2 | H36: ='0信息维护'!G67 -> 2 | I36: ='0信息维护'!H67 -> 2 | J36: ='0信息维护'!I67 -> 2 | K36: ='0信息维护'!J67 -> 2 | ... S36: ='0信息维护'!R67 -> 30
A37: 课程目标3 | C37: 小题号 | D37: ='0信息维护'!C68 -> 2 | E37: ='0信息维护'!D68 -> 4 | F37: ='0信息维护'!E68 -> 5 | G37: ='0信息维护'!F68 -> 10 | H37: ='0信息维护'!G68 -> 15 | I37: ='0信息维护'!H68 -> 21 | J37: ='0信息维护'!I68 -> 22 | K37: ='0信息维护'!J68 -> 25 | ... R37: ='0信息维护'!Q68 -> 0
C38: 分值 | D38: ='0信息维护'!C69 -> 2 | E38: ='0信息维护'!D69 -> 2 | F38: ='0信息维护'!E69 -> 2 | G38: ='0信息维护'!F69 -> 2 | H38: ='0信息维护'!G69 -> 2 | I38: ='0信息维护'!H69 -> 2 | J38: ='0信息维护'!I69 -> 2 | K38: ='0信息维护'!J69 -> 2 | ... S38: ='0信息维护'!R69 -> 34
A39: 课程目标4 | C39: 小题号 | D39: ='0信息维护'!C70 -> 0 | E39: ='0信息维护'!D70 -> 0 | F39: ='0信息维护'!E70 -> 0 | G39: ='0信息维护'!F70 -> 0 | H39: ='0信息维护'!G70 -> 0 | I39: ='0信息维护'!H70 -> 0 | J39: ='0信息维护'!I70 -> 0 | K39: ='0信息维护'!J70 -> 0 | ... R39: ='0信息维护'!Q70 -> 0
C40: 分值 | D40: ='0信息维护'!C71 -> 0 | E40: ='0信息维护'!D71 -> 0 | F40: ='0信息维护'!E71 -> 0 | G40: ='0信息维护'!F71 -> 0 | H40: ='0信息维护'!G71 -> 0 | I40: ='0信息维护'!H71 -> 0 | J40: ='0信息维护'!I71 -> 0 | K40: ='0信息维护'!J71 -> 0 | ... S40: ='0信息维护'!R71 -> 0
A41: 课程目标5 | C41: 小题号 | D41: ='0信息维护'!C72 -> 0 | E41: ='0信息维护'!D72 -> 0 | F41: ='0信息维护'!E72 -> 0 | G41: ='0信息维护'!F72 -> 0 | H41: ='0信息维护'!G72 -> 0 | I41: ='0信息维护'!H72 -> 0 | J41: ='0信息维护'!I72 -> 0 | K41: ='0信息维护'!J72 -> 0 | ... R41: ='0信息维护'!Q72 -> 0
C42: 分值 | D42: ='0信息维护'!C73 -> 0 | E42: ='0信息维护'!D73 -> 0 | F42: ='0信息维护'!E73 -> 0 | G42: ='0信息维护'!F73 -> 0 | H42: ='0信息维护'!G73 -> 0 | I42: ='0信息维护'!H73 -> 0 | J42: ='0信息维护'!I73 -> 0 | K42: ='0信息维护'!J73 -> 0 | ... S42: ='0信息维护'!R73 -> 0
A43: 课程目标6 | C43: 小题号 | D43: ='0信息维护'!C74 -> 0 | E43: ='0信息维护'!D74 -> 0 | F43: ='0信息维护'!E74 -> 0 | G43: ='0信息维护'!F74 -> 0 | H43: ='0信息维护'!G74 -> 0 | I43: ='0信息维护'!H74 -> 0 | J43: ='0信息维护'!I74 -> 0 | K43: ='0信息维护'!J74 -> 0 | ... R43: ='0信息维护'!Q74 -> 0
C44: 分值 | D44: ='0信息维护'!C75 -> 0 | E44: ='0信息维护'!D75 -> 0 | F44: ='0信息维护'!E75 -> 0 | G44: ='0信息维护'!F75 -> 0 | H44: ='0信息维护'!G75 -> 0 | I44: ='0信息维护'!H75 -> 0 | J44: ='0信息维护'!I75 -> 0 | K44: ='0信息维护'!J75 -> 0 | ... S44: ='0信息维护'!R75 -> 0
A45: 课程目标7 | C45: 小题号 | D45: ='0信息维护'!C76 -> 0 | E45: ='0信息维护'!D76 -> 0 | F45: ='0信息维护'!E76 -> 0 | G45: ='0信息维护'!F76 -> 0 | H45: ='0信息维护'!G76 -> 0 | I45: ='0信息维护'!H76 -> 0 | J45: ='0信息维护'!I76 -> 0 | K45: ='0信息维护'!J76 -> 0 | ... R45: ='0信息维护'!Q76 -> 0
C46: 分值 | D46: ='0信息维护'!C77 -> 0 | E46: ='0信息维护'!D77 -> 0 | F46: ='0信息维护'!E77 -> 0 | G46: ='0信息维护'!F77 -> 0 | H46: ='0信息维护'!G77 -> 0 | I46: ='0信息维护'!H77 -> 0 | J46: ='0信息维护'!I77 -> 0 | K46: ='0信息维护'!J77 -> 0 | ... S46: ='0信息维护'!R77 -> 0
A47: 总分 | S47: ='0信息维护'!R78 -> 100
A49: 五、课程目标达成度评价结果
A50: 课程目标 | B50: 评价方式及比例 | K50: 目标分值 | N50: 实际 平均分 | P50: 达成度 | R50: 分目标 权重 | T50: 目标 达成度
A51: 课程目标1 | B51: 直接评价 | C51: =$C$22 -> 过程性评价 | D51: ='0信息维护'!$F$85 -> 平时作业 | I51: =C24 -> 0.4 | K51: ='0信息维护'!$I85 -> 40 | N51: =SUM(OFFSET('1课程考核方式及成绩组成'!$F$10,0,8*(ROW(N51)-51),150,1))/'0信息维护'!$M$6 -> 35.921986 | P51: =IF(I51=0,0,N51/K51) -> 0.89804965 | R51: ='0信息维护'!D132 -> 0.15 | T51: =SUMPRODUCT(I51:J56,P51:Q56) -> 0.8464539
D52: ='0信息维护'!$F$86 -> 实验考核 | I52: =F24 -> 0 | K52: ='0信息维护'!$I86 -> 0 | N52: =SUM(OFFSET('1课程考核方式及成绩组成'!$F$10,0,8*(ROW(N52)-51),150,1))/'0信息维护'!$M$6 -> 0 | P52: =IF(I52=0,0,N52/K52) -> 0
D53: ='0信息维护'!$F$87 -> 0 | I53: =I24 -> 0 | K53: ='0信息维护'!$I87 -> 0 | N53: =SUM(OFFSET('1课程考核方式及成绩组成'!$F$10,0,8*(ROW(N53)-51),150,1))/'0信息维护'!$M$6 -> 0 | P53: =IF(I53=0,0,N53/K53) -> 0
D54: ='0信息维护'!$F$88 -> 0 | I54: =L24 -> 0 | K54: ='0信息维护'!$I88 -> 0 | N54: =SUM(OFFSET('1课程考核方式及成绩组成'!$F$10,0,8*(ROW(N54)-51),150,1))/'0信息维护'!$M$6 -> 0 | P54: =IF(I54=0,0,N54/K54) -> 0
C55: =$O$22 -> 结果性评价 | I55: =O24 -> 0.4 | K55: ='0信息维护'!$I89 -> 36 | N55: =SUM(OFFSET('1课程考核方式及成绩组成'!$F$10,0,8*(ROW(N55)-51),150,1))/'0信息维护'!$M$6 -> 26.744681 | P55: =IF(I55=0,0,N55/K55) -> 0.7429078
B56: =$R$21 -> 间接评价 | I56: =SUM(R24:T24) -> 0.2 | K56: ='0信息维护'!$I90 -> 1 | N56: ='2间接评价'!F30 -> 0.95035461 | P56: =IF(I56=0,0,N56/K56) -> 0.95035461
A57: 课程目标2 | B57: 直接评价 | C57: =$C$22 -> 过程性评价 | D57: ='0信息维护'!$F$85 -> 平时作业 | I57: =C25 -> 0.4 | K57: ='0信息维护'!$I91 -> 60 | N57: =SUM(OFFSET('1课程考核方式及成绩组成'!$F$10,0,8*(ROW(N57)-57)+1,150,1))/'0信息维护'!$M$6 -> 54.312057 | P57: =IF(I57=0,0,N57/K57) -> 0.90520095 | R57: ='0信息维护'!D133 -> 0.3 | T57: =SUMPRODUCT(I57:J62,P57:Q62) -> 0.81711584
D58: ='0信息维护'!$F$86 -> 实验考核 | I58: =F25 -> 0 | K58: ='0信息维护'!$I92 -> 0 | N58: =SUM(OFFSET('1课程考核方式及成绩组成'!$F$10,0,8*(ROW(N58)-57)+1,150,1))/'0信息维护'!$M$6 -> 0 | P58: =IF(I58=0,0,N58/K58) -> 0
D59: ='0信息维护'!$F$87 -> 0 | I59: =I25 -> 0 | K59: ='0信息维护'!$I93 -> 0 | N59: =SUM(OFFSET('1课程考核方式及成绩组成'!$F$10,0,8*(ROW(N59)-57)+1,150,1))/'0信息维护'!$M$6 -> 0 | P59: =IF(I59=0,0,N59/K59) -> 0
D60: ='0信息维护'!$F$88 -> 0 | I60: =L25 -> 0 | K60: ='0信息维护'!$I94 -> 0 | N60: =SUM(OFFSET('1课程考核方式及成绩组成'!$F$10,0,8*(ROW(N60)-57)+1,150,1))/'0信息维护'!$M$6 -> 0 | P60: =IF(I60=0,0,N60/K60) -> 0
C61: =$O$22 -> 结果性评价 | I61: =O25 -> 0.4 | K61: ='0信息维护'!$I95 -> 30 | N61: =SUM(OFFSET('1课程考核方式及成绩组成'!$F$10,0,8*(ROW(N61)-57)+1,150,1))/'0信息维护'!$M$6 -> 19.638298 | P61: =IF(I61=0,0,N61/K61) -> 0.65460993
B62: =$R$21 -> 间接评价 | I62: =SUM(R25:T25) -> 0.2 | K62: ='0信息维护'!$I96 -> 1 | N62: ='2间接评价'!F31 -> 0.96595745 | P62: =IF(I62=0,0,N62/K62) -> 0.96595745
A63: 课程目标3 | B63: 直接评价 | C63: =$C$22 -> 过程性评价 | D63: ='0信息维护'!$F$85 -> 平时作业 | I63: =C26 -> 0 | K63: ='0信息维护'!$I97 -> 0 | N63: =SUM(OFFSET('1课程考核方式及成绩组成'!$F$10,0,8*(ROW(N63)-63)+2,150,1))/'0信息维护'!$M$6 -> 0 | P63: =IF(I63=0,0,N63/K63) -> 0 | R63: ='0信息维护'!D134 -> 0.25 | T63: =SUMPRODUCT(I63:J68,P63:Q68) -> 0.63909887
D64: ='0信息维护'!$F$86 -> 实验考核 | I64: =F26 -> 0 | K64: ='0信息维护'!$I98 -> 0 | N64: =SUM(OFFSET('1课程考核方式及成绩组成'!$F$10,0,8*(ROW(N64)-63)+2,150,1))/'0信息维护'!$M$6 -> 0 | P64: =IF(I64=0,0,N64/K64) -> 0
D65: ='0信息维护'!$F$87 -> 0 | I65: =I26 -> 0 | K65: ='0信息维护'!$I99 -> 0 | N65: =SUM(OFFSET('1课程考核方式及成绩组成'!$F$10,0,8*(ROW(N65)-63)+2,150,1))/'0信息维护'!$M$6 -> 0 | P65: =IF(I65=0,0,N65/K65) -> 0
D66: ='0信息维护'!$F$88 -> 0 | I66: =L26 -> 0 | K66: ='0信息维护'!$I100 -> 0 | N66: =SUM(OFFSET('1课程考核方式及成绩组成'!$F$10,0,8*(ROW(N66)-63)+2,150,1))/'0信息维护'!$M$6 -> 0 | P66: =IF(I66=0,0,N66/K66) -> 0
C67: =$O$22 -> 结果性评价 | I67: =O26 -> 0.8 | K67: ='0信息维护'!$I101 -> 34 | N67: =SUM(OFFSET('1课程考核方式及成绩组成'!$F$10,0,8*(ROW(N67)-63)+2,150,1))/'0信息维护'!$M$6 -> 19.035461 | P67: =IF(I67=0,0,N67/K67) -> 0.5598665
B68: =$R$21 -> 间接评价 | I68: =SUM(R26:T26) -> 0.2 | K68: ='0信息维护'!$I102 -> 1 | N68: ='2间接评价'!F32 -> 0.95602837 | P68: =IF(I68=0,0,N68/K68) -> 0.95602837
A69: 课程目标4 | B69: 直接评价 | C69: =$C$22 -> 过程性评价 | D69: ='0信息维护'!$F$85 -> 平时作业 | I69: =C27 -> 0 | K69: ='0信息维护'!$I103 -> 0 | N69: =SUM(OFFSET('1课程考核方式及成绩组成'!$F$10,0,8*(ROW(N69)-69)+3,150,1))/'0信息维护'!$M$6 -> 0 | P69: =IF(I69=0,0,N69/K69) -> 0 | R69: ='0信息维护'!D135 -> 0.3 | T69: =SUMPRODUCT(I69:J74,P69:Q74) -> 0.82303546
D70: ='0信息维护'!$F$86 -> 实验考核 | I70: =F27 -> 0.8 | K70: ='0信息维护'!$I104 -> 100 | N70: =SUM(OFFSET('1课程考核方式及成绩组成'!$F$10,0,8*(ROW(N70)-69)+3,150,1))/'0信息维护'!$M$6 -> 78.801418 | P70: =IF(I70=0,0,N70/K70) -> 0.78801418
D71: ='0信息维护'!$F$87 -> 0 | I71: =I27 -> 0 | K71: ='0信息维护'!$I105 -> 0 | N71: =SUM(OFFSET('1课程考核方式及成绩组成'!$F$10,0,8*(ROW(N71)-69)+3,150,1))/'0信息维护'!$M$6 -> 0 | P71: =IF(I71=0,0,N71/K71) -> 0
D72: ='0信息维护'!$F$88 -> 0 | I72: =L27 -> 0 | K72: ='0信息维护'!$I106 -> 0 | N72: =SUM(OFFSET('1课程考核方式及成绩组成'!$F$10,0,8*(ROW(N72)-69)+3,150,1))/'0信息维护'!$M$6 -> 0 | P72: =IF(I72=0,0,N72/K72) -> 0
C73: =$O$22 -> 结果性评价 | I73: =O27 -> 0 | K73: ='0信息维护'!$I107 -> 0 | N73: =SUM(OFFSET('1课程考核方式及成绩组成'!$F$10,0,8*(ROW(N73)-69)+3,150,1))/'0信息维护'!$M$6 -> 0 | P73: =IF(I73=0,0,N73/K73) -> 0
B74: =$R$21 -> 间接评价 | I74: =SUM(R27:T27) -> 0.2 | K74: ='0信息维护'!$I108 -> 1 | N74: ='2间接评价'!F33 -> 0.96312057 | P74: =IF(I74=0,0,N74/K74) -> 0.96312057
A75: 课程目标5 | B75: 直接评价 | C75: =$C$22 -> 过程性评价 | D75: ='0信息维护'!$F$85 -> 平时作业 | I75: =C28 -> 0 | K75: ='0信息维护'!$I109 -> 0 | N75: =SUM(OFFSET('1课程考核方式及成绩组成'!$F$10,0,8*(ROW(N75)-75)+4,150,1))/'0信息维护'!$M$6 -> 0 | P75: =IF(I75=0,0,N75/K75) -> 0 | R75: ='0信息维护'!D136 -> 0 | T75: =SUMPRODUCT(I75:J80,P75:Q80) -> 0
D76: ='0信息维护'!$F$86 -> 实验考核 | I76: =F28 -> 0 | K76: ='0信息维护'!$I110 -> 0 | N76: =SUM(OFFSET('1课程考核方式及成绩组成'!$F$10,0,8*(ROW(N76)-75)+4,150,1))/'0信息维护'!$M$6 -> 0 | P76: =IF(I76=0,0,N76/K76) -> 0
D77: ='0信息维护'!$F$87 -> 0 | I77: =I28 -> 0 | K77: ='0信息维护'!$I111 -> 0 | N77: =SUM(OFFSET('1课程考核方式及成绩组成'!$F$10,0,8*(ROW(N77)-75)+4,150,1))/'0信息维护'!$M$6 -> 0 | P77: =IF(I77=0,0,N77/K77) -> 0
D78: ='0信息维护'!$F$88 -> 0 | I78: =L28 -> 0 | K78: ='0信息维护'!$I112 -> 0 | N78: =SUM(OFFSET('1课程考核方式及成绩组成'!$F$10,0,8*(ROW(N78)-75)+4,150,1))/'0信息维护'!$M$6 -> 0 | P78: =IF(I78=0,0,N78/K78) -> 0
C79: =$O$22 -> 结果性评价 | I79: =O28 -> 0 | K79: ='0信息维护'!$I113 -> 0 | N79: =SUM(OFFSET('1课程考核方式及成绩组成'!$F$10,0,8*(ROW(N79)-75)+4,150,1))/'0信息维护'!$M$6 -> 0 | P79: =IF(I79=0,0,N79/K79) -> 0
B80: =$R$21 -> 间接评价 | I80: =SUM(R28:T28) -> 0.2 | K80: ='0信息维护'!$I114 -> 1 | N80: ='2间接评价'!F34 -> 0 | P80: =IF(I80=0,0,N80/K80) -> 0
A81: 课程目标6 | B81: 直接评价 | C81: =$C$22 -> 过程性评价 | D81: ='0信息维护'!$F$85 -> 平时作业 | K81: ='0信息维护'!$I115 -> 0 | N81: =SUM(OFFSET('1课程考核方式及成绩组成'!$F$10,0,8*(ROW(N81)-81)+5,150,1))/'0信息维护'!$M$6 -> 0 | P81: =IF(I81=0,0,N81/K81) -> 0 | R81: ='0信息维护'!D137 -> 0 | T81: =SUMPRODUCT(I81:J86,P81:Q86) -> 0
D82: ='0信息维护'!$F$86 -> 实验考核 | I82: =F29 -> 0 | K82: ='0信息维护'!$I116 -> 0 | N82: =SUM(OFFSET('1课程考核方式及成绩组成'!$F$10,0,8*(ROW(N82)-81)+5,150,1))/'0信息维护'!$M$6 -> 0 | P82: =IF(I82=0,0,N82/K82) -> 0
D83: ='0信息维护'!$F$87 -> 0 | I83: =I29 -> 0 | K83: ='0信息维护'!$I117 -> 0 | N83: =SUM(OFFSET('1课程考核方式及成绩组成'!$F$10,0,8*(ROW(N83)-81)+5,150,1))/'0信息维护'!$M$6 -> 0 | P83: =IF(I83=0,0,N83/K83) -> 0
D84: ='0信息维护'!$F$88 -> 0 | I84: =L29 -> 0 | K84: ='0信息维护'!$I118 -> 0 | N84: =SUM(OFFSET('1课程考核方式及成绩组成'!$F$10,0,8*(ROW(N84)-81)+5,150,1))/'0信息维护'!$M$6 -> 0 | P84: =IF(I84=0,0,N84/K84) -> 0
C85: =$O$22 -> 结果性评价 | I85: =O29 -> 0 | K85: ='0信息维护'!$I119 -> 0 | N85: =SUM(OFFSET('1课程考核方式及成绩组成'!$F$10,0,8*(ROW(N85)-81)+5,150,1))/'0信息维护'!$M$6 -> 0 | P85: =IF(I85=0,0,N85/K85) -> 0
B86: =$R$21 -> 间接评价 | I86: =SUM(R29:T29) -> 0 | K86: ='0信息维护'!$I120 -> 1 | N86: ='2间接评价'!F35 -> 0 | P86: =IF(I86=0,0,N86/K86) -> 0
A87: 课程目标7 | B87: 直接评价 | C87: =$C$22 -> 过程性评价 | D87: ='0信息维护'!$F$85 -> 平时作业 | I87: =C30 -> 0 | K87: ='0信息维护'!$I121 -> 0 | N87: =SUM(OFFSET('1课程考核方式及成绩组成'!$F$10,0,8*(ROW(N87)-87)+6,150,1))/'0信息维护'!$M$6 -> 0 | P87: =IF(I87=0,0,N87/K87) -> 0 | R87: ='0信息维护'!D138 -> 0 | T87: =SUMPRODUCT(I87:J92,P87:Q92) -> 0
D88: ='0信息维护'!$F$86 -> 实验考核 | I88: =F30 -> 0 | K88: ='0信息维护'!$I122 -> 0 | N88: =SUM(OFFSET('1课程考核方式及成绩组成'!$F$10,0,8*(ROW(N88)-87)+6,150,1))/'0信息维护'!$M$6 -> 0 | P88: =IF(I88=0,0,N88/K88) -> 0
D89: ='0信息维护'!$F$87 -> 0 | I89: =I30 -> 0 | K89: ='0信息维护'!$I123 -> 0 | N89: =SUM(OFFSET('1课程考核方式及成绩组成'!$F$10,0,8*(ROW(N89)-87)+6,150,1))/'0信息维护'!$M$6 -> 0 | P89: =IF(I89=0,0,N89/K89) -> 0
D90: ='0信息维护'!$F$88 -> 0 | I90: =L30 -> 0 | K90: ='0信息维护'!$I124 -> 0 | N90: =SUM(OFFSET('1课程考核方式及成绩组成'!$F$10,0,8*(ROW(N90)-87)+6,150,1))/'0信息维护'!$M$6 -> 0 | P90: =IF(I90=0,0,N90/K90) -> 0
C91: =$O$22 -> 结果性评价 | I91: =O30 -> 0 | K91: ='0信息维护'!$I125 -> 0 | N91: =SUM(OFFSET('1课程考核方式及成绩组成'!$F$10,0,8*(ROW(N91)-87)+6,150,1))/'0信息维护'!$M$6 -> 0 | P91: =IF(I91=0,0,N91/K91) -> 0
B92: =$R$21 -> 间接评价 | I92: =SUM(R30:T30) -> 0 | K92: ='0信息维护'!$I126 -> 1 | N92: ='2间接评价'!F36 -> 0 | P92: =IF(I92=0,0,N92/K92) -> 0
A93: 课程总目标综合评价达成度： | T93: =T51*R51+T57*R57+T63*R63+R69*T69+R75*T75+R81*T81+R87*T87 -> 0.77878819
A95: 六、课程分析与改进措施
A96: （一）课程分析。（主要对课程目标、课程内容、目标实现途径、评价依据、评价方式的合理性进行分析；对学生的课堂学习投入、学习成果或考试成绩进行分析。）
A221: 直接评价学生在各课程目标达成度散点图
A237: 从目标达成度计算结果来看，课程目标1、4的达成度最高，课程目标3,5的达成度次之，课程目标2的达成度最低，反映出学生对基本概念、SQL语言和关键环节等知识掌握较好，对于综合分析设计能力相对较差。从课程总目标达成度来看，课程总目标达成度高于期望值（0.7），通过本学期的教学，学生整体达到了课程目标要求。
A243: （二）改进措施
A244: 在今后的教学过程中需要进行以下几方面的改进，进一步提升学生综合解题分析能力： 1.教学方法上：多采用学生能够接受的教学方式和教学形式进行，教会学生如何提升思维能力。 2.教学内容上：针对学生知识点掌握的薄弱点，多进行训练和讲解，特别是多举例让学生掌握。 3.教学管理上：成立教学小组，让各小组长成为教学助手，监督不能及时跟进学习进度的同学，互助共进。 4.教学评价上：从多角度、多方面进行课程考核，注重过程考核，多方评价。
A249: 七、其它相关说明
A250: （一）对不适合做量化计算的课程进行说明。
A252: （二）对选课但未参与评价学生情况进行说明。
A254: （三）其它需要说明的情况。

Sheet 4学生课程目标达成度
A1: 基于直接评价的学生课程目标达成度
A2: 课程信息 学生信息 | D2: 课程分目标 | E2: 评价方式1 | F2: 评价方式2 | G2: 评价方式3 | H2: 评价方式4 | I2: 评价方式5 | J2: 分目标达成度 | K2: 总目标达成度
E3: ='0信息维护'!E24 -> 平时作业 | F3: ='0信息维护'!I24 -> 实验考核 | G3: ='0信息维护'!L24 -> 0 | H3: ='0信息维护'!O24 -> 0 | I3: ='0信息维护'!I34 -> 结果性评价
A5: 1 | B5: =OFFSET('1课程考核方式及成绩组成'!$D$10,(ROW(B5)-5)/7,) -> 180202041 | C5: =OFFSET('1课程考核方式及成绩组成'!$E$10,(ROW(C5)-5)/7,) -> 林振杨 | D5: ='0信息维护'!A$25 -> 课程目标1 | E5: =OFFSET('1课程考核方式及成绩组成'!$F$10,(ROW(E5)-5)/7,MOD((ROW(E5)-5),7)) -> 30 | F5: =OFFSET('1课程考核方式及成绩组成'!$N$10,(ROW(F5)-5)/7,MOD((ROW(F5)-5),7)) -> 0 | G5: =OFFSET('1课程考核方式及成绩组成'!$V$10,(ROW(G5)-5)/7,MOD((ROW(G5)-5),7)) -> 0 | H5: =OFFSET('1课程考核方式及成绩组成'!$AD$10,(ROW(H5)-5)/7,MOD((ROW(H5)-5),7)) -> 0 | I5: =OFFSET('1课程考核方式及成绩组成'!$AL$10,(ROW(I5)-5)/7,MOD((ROW(I5)-5),7)) -> 28 | J5: =IF('0信息维护'!$I$85=0,0,E5/('0信息维护'!$I$85)*'0信息维护'!$E$35*'0信息维护'!$S$25)+IF('0信息维护'!$I$86=0,0,F5/('0信息维护'!$I$86)*'0信息维护'!$E$35*'0信息维护'!$T$25)+IF('0信息维护'!$I$87=0,0,G5/('0信息维护'!$I$87)*'0信息维护'!$E$35*'0信息维护'!$U$25)+IF('0信息维护'!$I$88=0,0,H5/('0信息维护'!$I$88)*'0信息维护'!$E$35*'0信息维护'!$V$25)+IF('0信息维护'!$I$89=0,0,I5/'0信息维护'!$I$89*'0信息维护'!$I$35) -> 0.76388889 | K5: =J5*'0信息维护'!$D$132+J6*'0信息维护'!$D$133+J7*'0信息维护'!$D$134+J8*'0信息维护'!$D$135+J9*'0信息维护'!$D$136+J10*'0信息维护'!$D$137+J11*'0信息维护'!$D$138 -> 0.66152451
D6: ='0信息维护'!A$26 -> 课程目标2 | E6: =OFFSET('1课程考核方式及成绩组成'!$F$10,(ROW(E6)-5)/7,MOD((ROW(E6)-5),7)) -> 50 | F6: =OFFSET('1课程考核方式及成绩组成'!$N$10,(ROW(F6)-5)/7,MOD((ROW(F6)-5),7)) -> 0 | G6: =OFFSET('1课程考核方式及成绩组成'!$V$10,(ROW(G6)-5)/7,MOD((ROW(G6)-5),7)) -> 0 | H6: =OFFSET('1课程考核方式及成绩组成'!$AD$10,(ROW(H6)-5)/7,MOD((ROW(H6)-5),7)) -> 0 | I6: =OFFSET('1课程考核方式及成绩组成'!$AL$10,(ROW(I6)-5)/7,MOD((ROW(I6)-5),7)) -> 20 | J6: =IF('0信息维护'!$I$91=0,0,E6/('0信息维护'!$I$91)*'0信息维护'!$S$26*'0信息维护'!$E$36)+IF('0信息维护'!$I$92=0,0,F6/('0信息维护'!$I$92)*'0信息维护'!$T$26*'0信息维护'!$E$36)+IF('0信息维护'!$I$93=0,0,G6/('0信息维护'!$I$93)*'0信息维护'!$U$26*'0信息维护'!$E$36)+IF('0信息维护'!$I$94=0,0,H6/('0信息维护'!$I$94)*'0信息维护'!$V$26*'0信息维护'!$E$36)+IF('0信息维护'!$I$95=0,0,I6/'0信息维护'!$I$95*'0信息维护'!$I$36) -> 0.75
D7: ='0信息维护'!A$27 -> 课程目标3 | E7: =OFFSET('1课程考核方式及成绩组成'!$F$10,(ROW(E7)-5)/7,MOD((ROW(E7)-5),7)) -> 0 | F7: =OFFSET('1课程考核方式及成绩组成'!$N$10,(ROW(F7)-5)/7,MOD((ROW(F7)-5),7)) -> 0 | G7: =OFFSET('1课程考核方式及成绩组成'!$V$10,(ROW(G7)-5)/7,MOD((ROW(G7)-5),7)) -> 0 | H7: =OFFSET('1课程考核方式及成绩组成'!$AD$10,(ROW(H7)-5)/7,MOD((ROW(H7)-5),7)) -> 0 | I7: =OFFSET('1课程考核方式及成绩组成'!$AL$10,(ROW(I7)-5)/7,MOD((ROW(I7)-5),7)) -> 14 | J7: =IF('0信息维护'!$I$97=0,0,E7/('0信息维护'!$I$97)*'0信息维护'!$E$37*'0信息维护'!$S$27)+IF('0信息维护'!$I$98=0,0,F7/('0信息维护'!$I$98)*'0信息维护'!$E$37*'0信息维护'!$T$27)+IF('0信息维护'!$I$99=0,0,G7/('0信息维护'!$I$99)*'0信息维护'!$E$37*'0信息维护'!$U$27)+IF('0信息维护'!$I$100=0,0,H7/('0信息维护'!$I$100)*'0信息维护'!$E$37*'0信息维护'!$V$27)+IF('0信息维护'!$I$101=0,0,I7/'0信息维护'!$I$101*'0信息维护'!$I$37) -> 0.41176471
D8: ='0信息维护'!A$28 -> 课程目标4 | E8: =OFFSET('1课程考核方式及成绩组成'!$F$10,(ROW(E8)-5)/7,MOD((ROW(E8)-5),7)) -> 0 | F8: =OFFSET('1课程考核方式及成绩组成'!$N$10,(ROW(F8)-5)/7,MOD((ROW(F8)-5),7)) -> 73 | G8: =OFFSET('1课程考核方式及成绩组成'!$V$10,(ROW(G8)-5)/7,MOD((ROW(G8)-5),7)) -> 0 | H8: =OFFSET('1课程考核方式及成绩组成'!$AD$10,(ROW(H8)-5)/7,MOD((ROW(H8)-5),7)) -> 0 | I8: =OFFSET('1课程考核方式及成绩组成'!$AL$10,(ROW(I8)-5)/7,MOD((ROW(I8)-5),7)) -> 0 | J8: =IF('0信息维护'!$I$103=0,0,E8/('0信息维护'!$I$103)*'0信息维护'!$E$38*'0信息维护'!$S$28)+IF('0信息维护'!$I$104=0,0,F8/('0信息维护'!$I$104)*'0信息维护'!$E$38*'0信息维护'!$T$28)+IF('0信息维护'!$I$105=0,0,G8/('0信息维护'!$I$105)*'0信息维护'!$E$38*'0信息维护'!$U$28)+IF('0信息维护'!$I$106=0,0,H8/('0信息维护'!$I$106)*'0信息维护'!$E$38*'0信息维护'!$V$28)+IF('0信息维护'!$I$107=0,0,I8/'0信息维护'!$I$107*'0信息维护'!$I$38) -> 0.73
D9: ='0信息维护'!A$29 -> 课程目标5 | E9: =OFFSET('1课程考核方式及成绩组成'!$F$10,(ROW(E9)-5)/7,MOD((ROW(E9)-5),7)) -> 0 | F9: =OFFSET('1课程考核方式及成绩组成'!$N$10,(ROW(F9)-5)/7,MOD((ROW(F9)-5),7)) -> 0 | G9: =OFFSET('1课程考核方式及成绩组成'!$V$10,(ROW(G9)-5)/7,MOD((ROW(G9)-5),7)) -> 0 | H9: =OFFSET('1课程考核方式及成绩组成'!$AD$10,(ROW(H9)-5)/7,MOD((ROW(H9)-5),7)) -> 0 | I9: =OFFSET('1课程考核方式及成绩组成'!$AL$10,(ROW(I9)-5)/7,MOD((ROW(I9)-5),7)) -> 0 | J9: =IF('0信息维护'!$I$109=0,0,E9/('0信息维护'!$I$109)*'0信息维护'!$E$39*'0信息维护'!$S$29)+IF('0信息维护'!$I$110=0,0,F9/('0信息维护'!$I$110)*'0信息维护'!$E$39*'0信息维护'!$T$29)+IF('0信息维护'!$I$111=0,0,G9/('0信息维护'!$I$111)*'0信息维护'!$E$39*'0信息维护'!$U$29)+IF('0信息维护'!$I$112=0,0,H9/('0信息维护'!$I$112)*'0信息维护'!$E$39*'0信息维护'!$V$29)+IF('0信息维护'!$I$113=0,0,I9/'0信息维护'!$I$113*'0信息维护'!$I$39) -> 0
D10: ='0信息维护'!A$30 -> 课程目标6 | E10: =OFFSET('1课程考核方式及成绩组成'!$F$10,(ROW(E10)-5)/7,MOD((ROW(E10)-5),7)) -> 0 | F10: =OFFSET('1课程考核方式及成绩组成'!$N$10,(ROW(F10)-5)/7,MOD((ROW(F10)-5),7)) -> 0 | G10: =OFFSET('1课程考核方式及成绩组成'!$V$10,(ROW(G10)-5)/7,MOD((ROW(G10)-5),7)) -> 0 | H10: =OFFSET('1课程考核方式及成绩组成'!$AD$10,(ROW(H10)-5)/7,MOD((ROW(H10)-5),7)) -> 0 | I10: =OFFSET('1课程考核方式及成绩组成'!$AL$10,(ROW(I10)-5)/7,MOD((ROW(I10)-5),7)) -> 0 | J10: =IF('0信息维护'!$I$115=0,0,E10/('0信息维护'!$I$115)*'0信息维护'!$E$40*'0信息维护'!$S$30)+IF('0信息维护'!$I$116=0,0,F10/('0信息维护'!$I$116)*'0信息维护'!$E$40*'0信息维护'!$T$30)+IF('0信息维护'!$I$117=0,0,G10/('0信息维护'!$I$117)*'0信息维护'!$E$40*'0信息维护'!$U$30)+IF('0信息维护'!$I$118=0,0,H10/('0信息维护'!$I$118)*'0信息维护'!$E$40*'0信息维护'!$V$30)+IF('0信息维护'!$I$119=0,0,I10/'0信息维护'!$I$119*'0信息维护'!$I$40) -> 0
D11: ='0信息维护'!A$31 -> 课程目标7 | E11: =OFFSET('1课程考核方式及成绩组成'!$F$10,(ROW(E11)-5)/7,MOD((ROW(E11)-5),7)) -> 0 | F11: =OFFSET('1课程考核方式及成绩组成'!$N$10,(ROW(F11)-5)/7,MOD((ROW(F11)-5),7)) -> 0 | G11: =OFFSET('1课程考核方式及成绩组成'!$V$10,(ROW(G11)-5)/7,MOD((ROW(G11)-5),7)) -> 0 | H11: =OFFSET('1课程考核方式及成绩组成'!$AD$10,(ROW(H11)-5)/7,MOD((ROW(H11)-5),7)) -> 0 | I11: =OFFSET('1课程考核方式及成绩组成'!$AL$10,(ROW(I11)-5)/7,MOD((ROW(I11)-5),7)) -> 0 | J11: =IF('0信息维护'!$I$121=0,0,E11/('0信息维护'!$I$121)*'0信息维护'!$E$41*'0信息维护'!$S$31)+IF('0信息维护'!$I$122=0,0,F11/('0信息维护'!$I$122)*'0信息维护'!$E$41*'0信息维护'!$T$31)+IF('0信息维护'!$I$123=0,0,G11/('0信息维护'!$I$123)*'0信息维护'!$E$41*'0信息维护'!$U$31)+IF('0信息维护'!$I$124=0,0,H11/('0信息维护'!$I$124)*'0信息维护'!$E$41*'0信息维护'!$V$31)+IF('0信息维护'!$I$125=0,0,I11/'0信息维护'!$I$125*'0信息维护'!$I$41) -> 0
A12: 2 | B12: =OFFSET('1课程考核方式及成绩组成'!$D$10,(ROW(B12)-5)/7,) -> 180301007 | C12: =OFFSET('1课程考核方式及成绩组成'!$E$10,(ROW(C12)-5)/7,) -> 刘彪 | D12: ='0信息维护'!A$25 -> 课程目标1 | E12: =OFFSET('1课程考核方式及成绩组成'!$F$10,(ROW(E12)-5)/7,MOD((ROW(E12)-5),7)) -> 40 | F12: =OFFSET('1课程考核方式及成绩组成'!$N$10,(ROW(F12)-5)/7,MOD((ROW(F12)-5),7)) -> 0 | G12: =OFFSET('1课程考核方式及成绩组成'!$V$10,(ROW(G12)-5)/7,MOD((ROW(G12)-5),7)) -> 0 | H12: =OFFSET('1课程考核方式及成绩组成'!$AD$10,(ROW(H12)-5)/7,MOD((ROW(H12)-5),7)) -> 0 | I12: =OFFSET('1课程考核方式及成绩组成'!$AL$10,(ROW(I12)-5)/7,MOD((ROW(I12)-5),7)) -> 30 | J12: =IF('0信息维护'!$I$85=0,0,E12/('0信息维护'!$I$85)*'0信息维护'!$E$35*'0信息维护'!$S$25)+IF('0信息维护'!$I$86=0,0,F12/('0信息维护'!$I$86)*'0信息维护'!$E$35*'0信息维护'!$T$25)+IF('0信息维护'!$I$87=0,0,G12/('0信息维护'!$I$87)*'0信息维护'!$E$35*'0信息维护'!$U$25)+IF('0信息维护'!$I$88=0,0,H12/('0信息维护'!$I$88)*'0信息维护'!$E$35*'0信息维护'!$V$25)+IF('0信息维护'!$I$89=0,0,I12/'0信息维护'!$I$89*'0信息维护'!$I$35) -> 0.91666667 | K12: =J12*'0信息维护'!$D$132+J13*'0信息维护'!$D$133+J14*'0信息维护'!$D$134+J15*'0信息维护'!$D$135+J16*'0信息维护'!$D$136+J17*'0信息维护'!$D$137+J18*'0信息维护'!$D$138 -> 0.79620588
D13: ='0信息维护'!A$26 -> 课程目标2 | E13: =OFFSET('1课程考核方式及成绩组成'!$F$10,(ROW(E13)-5)/7,MOD((ROW(E13)-5),7)) -> 60 | F13: =OFFSET('1课程考核方式及成绩组成'!$N$10,(ROW(F13)-5)/7,MOD((ROW(F13)-5),7)) -> 0 | G13: =OFFSET('1课程考核方式及成绩组成'!$V$10,(ROW(G13)-5)/7,MOD((ROW(G13)-5),7)) -> 0 | H13: =OFFSET('1课程考核方式及成绩组成'!$AD$10,(ROW(H13)-5)/7,MOD((ROW(H13)-5),7)) -> 0 | I13: =OFFSET('1课程考核方式及成绩组成'!$AL$10,(ROW(I13)-5)/7,MOD((ROW(I13)-5),7)) -> 24 | J13: =IF('0信息维护'!$I$91=0,0,E13/('0信息维护'!$I$91)*'0信息维护'!$S$26*'0信息维护'!$E$36)+IF('0信息维护'!$I$92=0,0,F13/('0信息维护'!$I$92)*'0信息维护'!$T$26*'0信息维护'!$E$36)+IF('0信息维护'!$I$93=0,0,G13/('0信息维护'!$I$93)*'0信息维护'!$U$26*'0信息维护'!$E$36)+IF('0信息维护'!$I$94=0,0,H13/('0信息维护'!$I$94)*'0信息维护'!$V$26*'0信息维护'!$E$36)+IF('0信息维护'!$I$95=0,0,I13/'0信息维护'!$I$95*'0信息维护'!$I$36) -> 0.9
D14: ='0信息维护'!A$27 -> 课程目标3 | E14: =OFFSET('1课程考核方式及成绩组成'!$F$10,(ROW(E14)-5)/7,MOD((ROW(E14)-5),7)) -> 0 | F14: =OFFSET('1课程考核方式及成绩组成'!$N$10,(ROW(F14)-5)/7,MOD((ROW(F14)-5),7)) -> 0 | G14: =OFFSET('1课程考核方式及成绩组成'!$V$10,(ROW(G14)-5)/7,MOD((ROW(G14)-5),7)) -> 0 | H14: =OFFSET('1课程考核方式及成绩组成'!$AD$10,(ROW(H14)-5)/7,MOD((ROW(H14)-5),7)) -> 0 | I14: =OFFSET('1课程考核方式及成绩组成'!$AL$10,(ROW(I14)-5)/7,MOD((ROW(I14)-5),7)) -> 19 | J14: =IF('0信息维护'!$I$97=0,0,E14/('0信息维护'!$I$97)*'0信息维护'!$E$37*'0信息维护'!$S$27)+IF('0信息维护'!$I$98=0,0,F14/('0信息维护'!$I$98)*'0信息维护'!$E$37*'0信息维护'!$T$27)+IF('0信息维护'!$I$99=0,0,G14/('0信息维护'!$I$99)*'0信息维护'!$E$37*'0信息维护'!$U$27)+IF('0信息维护'!$I$100=0,0,H14/('0信息维护'!$I$100)*'0信息维护'!$E$37*'0信息维护'!$V$27)+IF('0信息维护'!$I$101=0,0,I14/'0信息维护'!$I$101*'0信息维护'!$I$37) -> 0.55882353
D15: ='0信息维护'!A$28 -> 课程目标4 | E15: =OFFSET('1课程考核方式及成绩组成'!$F$10,(ROW(E15)-5)/7,MOD((ROW(E15)-5),7)) -> 0 | F15: =OFFSET('1课程考核方式及成绩组成'!$N$10,(ROW(F15)-5)/7,MOD((ROW(F15)-5),7)) -> 83 | G15: =OFFSET('1课程考核方式及成绩组成'!$V$10,(ROW(G15)-5)/7,MOD((ROW(G15)-5),7)) -> 0 | H15: =OFFSET('1课程考核方式及成绩组成'!$AD$10,(ROW(H15)-5)/7,MOD((ROW(H15)-5),7)) -> 0 | I15: =OFFSET('1课程考核方式及成绩组成'!$AL$10,(ROW(I15)-5)/7,MOD((ROW(I15)-5),7)) -> 0 | J15: =IF('0信息维护'!$I$103=0,0,E15/('0信息维护'!$I$103)*'0信息维护'!$E$38*'0信息维护'!$S$28)+IF('0信息维护'!$I$104=0,0,F15/('0信息维护'!$I$104)*'0信息维护'!$E$38*'0信息维护'!$T$28)+IF('0信息维护'!$I$105=0,0,G15/('0信息维护'!$I$105)*'0信息维护'!$E$38*'0信息维护'!$U$28)+IF('0信息维护'!$I$106=0,0,H15/('0信息维护'!$I$106)*'0信息维护'!$E$38*'0信息维护'!$V$28)+IF('0信息维护'!$I$107=0,0,I15/'0信息维护'!$I$107*'0信息维护'!$I$38) -> 0.83
D16: ='0信息维护'!A$29 -> 课程目标5 | E16: =OFFSET('1课程考核方式及成绩组成'!$F$10,(ROW(E16)-5)/7,MOD((ROW(E16)-5),7)) -> 0 | F16: =OFFSET('1课程考核方式及成绩组成'!$N$10,(ROW(F16)-5)/7,MOD((ROW(F16)-5),7)) -> 0 | G16: =OFFSET('1课程考核方式及成绩组成'!$V$10,(ROW(G16)-5)/7,MOD((ROW(G16)-5),7)) -> 0 | H16: =OFFSET('1课程考核方式及成绩组成'!$AD$10,(ROW(H16)-5)/7,MOD((ROW(H16)-5),7)) -> 0 | I16: =OFFSET('1课程考核方式及成绩组成'!$AL$10,(ROW(I16)-5)/7,MOD((ROW(I16)-5),7)) -> 0 | J16: =IF('0信息维护'!$I$109=0,0,E16/('0信息维护'!$I$109)*'0信息维护'!$E$39*'0信息维护'!$S$29)+IF('0信息维护'!$I$110=0,0,F16/('0信息维护'!$I$110)*'0信息维护'!$E$39*'0信息维护'!$T$29)+IF('0信息维护'!$I$111=0,0,G16/('0信息维护'!$I$111)*'0信息维护'!$E$39*'0信息维护'!$U$29)+IF('0信息维护'!$I$112=0,0,H16/('0信息维护'!$I$112)*'0信息维护'!$E$39*'0信息维护'!$V$29)+IF('0信息维护'!$I$113=0,0,I16/'0信息维护'!$I$113*'0信息维护'!$I$39) -> 0
D17: ='0信息维护'!A$30 -> 课程目标6 | E17: =OFFSET('1课程考核方式及成绩组成'!$F$10,(ROW(E17)-5)/7,MOD((ROW(E17)-5),7)) -> 0 | F17: =OFFSET('1课程考核方式及成绩组成'!$N$10,(ROW(F17)-5)/7,MOD((ROW(F17)-5),7)) -> 0 | G17: =OFFSET('1课程考核方式及成绩组成'!$V$10,(ROW(G17)-5)/7,MOD((ROW(G17)-5),7)) -> 0 | H17: =OFFSET('1课程考核方式及成绩组成'!$AD$10,(ROW(H17)-5)/7,MOD((ROW(H17)-5),7)) -> 0 | I17: =OFFSET('1课程考核方式及成绩组成'!$AL$10,(ROW(I17)-5)/7,MOD((ROW(I17)-5),7)) -> 0 | J17: =IF('0信息维护'!$I$115=0,0,E17/('0信息维护'!$I$115)*'0信息维护'!$E$40*'0信息维护'!$S$30)+IF('0信息维护'!$I$116=0,0,F17/('0信息维护'!$I$116)*'0信息维护'!$E$40*'0信息维护'!$T$30)+IF('0信息维护'!$I$117=0,0,G17/('0信息维护'!$I$117)*'0信息维护'!$E$40*'0信息维护'!$U$30)+IF('0信息维护'!$I$118=0,0,H17/('0信息维护'!$I$118)*'0信息维护'!$E$40*'0信息维护'!$V$30)+IF('0信息维护'!$I$119=0,0,I17/'0信息维护'!$I$119*'0信息维护'!$I$40) -> 0
D18: ='0信息维护'!A$31 -> 课程目标7 | E18: =OFFSET('1课程考核方式及成绩组成'!$F$10,(ROW(E18)-5)/7,MOD((ROW(E18)-5),7)) -> 0 | F18: =OFFSET('1课程考核方式及成绩组成'!$N$10,(ROW(F18)-5)/7,MOD((ROW(F18)-5),7)) -> 0 | G18: =OFFSET('1课程考核方式及成绩组成'!$V$10,(ROW(G18)-5)/7,MOD((ROW(G18)-5),7)) -> 0 | H18: =OFFSET('1课程考核方式及成绩组成'!$AD$10,(ROW(H18)-5)/7,MOD((ROW(H18)-5),7)) -> 0 | I18: =OFFSET('1课程考核方式及成绩组成'!$AL$10,(ROW(I18)-5)/7,MOD((ROW(I18)-5),7)) -> 0 | J18: =IF('0信息维护'!$I$121=0,0,E18/('0信息维护'!$I$121)*'0信息维护'!$E$41*'0信息维护'!$S$31)+IF('0信息维护'!$I$122=0,0,F18/('0信息维护'!$I$122)*'0信息维护'!$E$41*'0信息维护'!$T$31)+IF('0信息维护'!$I$123=0,0,G18/('0信息维护'!$I$123)*'0信息维护'!$E$41*'0信息维护'!$U$31)+IF('0信息维护'!$I$124=0,0,H18/('0信息维护'!$I$124)*'0信息维护'!$E$41*'0信息维护'!$T$31)+IF('0信息维护'!$I$125=0,0,I18/'0信息维护'!$I$125*'0信息维护'!$I$41) -> 0
A19: 3 | B19: =OFFSET('1课程考核方式及成绩组成'!$D$10,(ROW(B19)-5)/7,) -> 180301010 | C19: =OFFSET('1课程考核方式及成绩组成'!$E$10,(ROW(C19)-5)/7,) -> 童祉昂 | D19: ='0信息维护'!A$25 -> 课程目标1 | E19: =OFFSET('1课程考核方式及成绩组成'!$F$10,(ROW(E19)-5)/7,MOD((ROW(E19)-5),7)) -> 40 | F19: =OFFSET('1课程考核方式及成绩组成'!$N$10,(ROW(F19)-5)/7,MOD((ROW(F19)-5),7)) -> 0 | G19: =OFFSET('1课程考核方式及成绩组成'!$V$10,(ROW(G19)-5)/7,MOD((ROW(G19)-5),7)) -> 0 | H19: =OFFSET('1课程考核方式及成绩组成'!$AD$10,(ROW(H19)-5)/7,MOD((ROW(H19)-5),7)) -> 0 | I19: =OFFSET('1课程考核方式及成绩组成'!$AL$10,(ROW(I19)-5)/7,MOD((ROW(I19)-5),7)) -> 34 | J19: =IF('0信息维护'!$I$85=0,0,E19/('0信息维护'!$I$85)*'0信息维护'!$E$35*'0信息维护'!$S$25)+IF('0信息维护'!$I$86=0,0,F19/('0信息维护'!$I$86)*'0信息维护'!$E$35*'0信息维护'!$T$25)+IF('0信息维护'!$I$87=0,0,G19/('0信息维护'!$I$87)*'0信息维护'!$E$35*'0信息维护'!$U$25)+IF('0信息维护'!$I$88=0,0,H19/('0信息维护'!$I$88)*'0信息维护'!$E$35*'0信息维护'!$V$25)+IF('0信息维护'!$I$89=0,0,I19/'0信息维护'!$I$89*'0信息维护'!$I$35) -> 0.97222222 | K19: =J19*'0信息维护'!$D$132+J20*'0信息维护'!$D$133+J21*'0信息维护'!$D$134+J22*'0信息维护'!$D$135+J23*'0信息维护'!$D$136+J24*'0信息维护'!$D$137+J25*'0信息维护'!$D$138 -> 0.74053922
D20: ='0信息维护'!A$26 -> 课程目标2 | E20: =OFFSET('1课程考核方式及成绩组成'!$F$10,(ROW(E20)-5)/7,MOD((ROW(E20)-5),7)) -> 60 | F20: =OFFSET('1课程考核方式及成绩组成'!$N$10,(ROW(F20)-5)/7,MOD((ROW(F20)-5),7)) -> 0 | G20: =OFFSET('1课程考核方式及成绩组成'!$V$10,(ROW(G20)-5)/7,MOD((ROW(G20)-5),7)) -> 0 | H20: =OFFSET('1课程考核方式及成绩组成'!$AD$10,(ROW(H20)-5)/7,MOD((ROW(H20)-5),7)) -> 0 | I20: =OFFSET('1课程考核方式及成绩组成'!$AL$10,(ROW(I20)-5)/7,MOD((ROW(I20)-5),7)) -> 25 | J20: =IF('0信息维护'!$I$91=0,0,E20/('0信息维护'!$I$91)*'0信息维护'!$S$26*'0信息维护'!$E$36)+IF('0信息维护'!$I$92=0,0,F20/('0信息维护'!$I$92)*'0信息维护'!$T$26*'0信息维护'!$E$36)+IF('0信息维护'!$I$93=0,0,G20/('0信息维护'!$I$93)*'0信息维护'!$U$26*'0信息维护'!$E$36)+IF('0信息维护'!$I$94=0,0,H20/('0信息维护'!$I$94)*'0信息维护'!$V$26*'0信息维护'!$E$36)+IF('0信息维护'!$I$95=0,0,I20/'0信息维护'!$I$95*'0信息维护'!$I$36) -> 0.91666667
D21: ='0信息维护'!A$27 -> 课程目标3 | E21: =OFFSET('1课程考核方式及成绩组成'!$F$10,(ROW(E21)-5)/7,MOD((ROW(E21)-5),7)) -> 0 | F21: =OFFSET('1课程考核方式及成绩组成'!$N$10,(ROW(F21)-5)/7,MOD((ROW(F21)-5),7)) -> 0 | G21: =OFFSET('1课程考核方式及成绩组成'!$V$10,(ROW(G21)-5)/7,MOD((ROW(G21)-5),7)) -> 0 | H21: =OFFSET('1课程考核方式及成绩组成'!$AD$10,(ROW(H21)-5)/7,MOD((ROW(H21)-5),7)) -> 0 | I21: =OFFSET('1课程考核方式及成绩组成'!$AL$10,(ROW(I21)-5)/7,MOD((ROW(I21)-5),7)) -> 19 | J21: =IF('0信息维护'!$I$97=0,0,E21/('0信息维护'!$I$97)*'0信息维护'!$E$37*'0信息维护'!$S$27)+IF('0信息维护'!$I$98=0,0,F21/('0信息维护'!$I$98)*'0信息维护'!$E$37*'0信息维护'!$T$27)+IF('0信息维护'!$I$99=0,0,G21/('0信息维护'!$I$99)*'0信息维护'!$E$37*'0信息维护'!$U$27)+IF('0信息维护'!$I$100=0,0,H21/('0信息维护'!$I$100)*'0信息维护'!$E$37*'0信息维护'!$V$27)+IF('0信息维护'!$I$101=0,0,I21/'0信息维护'!$I$101*'0信息维护'!$I$37) -> 0.55882353
D22: ='0信息维护'!A$28 -> 课程目标4 | E22: =OFFSET('1课程考核方式及成绩组成'!$F$10,(ROW(E22)-5)/7,MOD((ROW(E22)-5),7)) -> 0 | F22: =OFFSET('1课程考核方式及成绩组成'!$N$10,(ROW(F22)-5)/7,MOD((ROW(F22)-5),7)) -> 60 | G22: =OFFSET('1课程考核方式及成绩组成'!$V$10,(ROW(G22)-5)/7,MOD((ROW(G22)-5),7)) -> 0 | H22: =OFFSET('1课程考核方式及成绩组成'!$AD$10,(ROW(H22)-5)/7,MOD((ROW(H22)-5),7)) -> 0 | I22: =OFFSET('1课程考核方式及成绩组成'!$AL$10,(ROW(I22)-5)/7,MOD((ROW(I22)-5),7)) -> 0 | J22: =IF('0信息维护'!$I$103=0,0,E22/('0信息维护'!$I$103)*'0信息维护'!$E$38*'0信息维护'!$S$28)+IF('0信息维护'!$I$104=0,0,F22/('0信息维护'!$I$104)*'0信息维护'!$E$38*'0信息维护'!$T$28)+IF('0信息维护'!$I$105=0,0,G22/('0信息维护'!$I$105)*'0信息维护'!$E$38*'0信息维护'!$U$28)+IF('0信息维护'!$I$106=0,0,H22/('0信息维护'!$I$106)*'0信息维护'!$E$38*'0信息维护'!$V$28)+IF('0信息维护'!$I$107=0,0,I22/'0信息维护'!$I$107*'0信息维护'!$I$38) -> 0.6
D23: ='0信息维护'!A$29 -> 课程目标5 | E23: =OFFSET('1课程考核方式及成绩组成'!$F$10,(ROW(E23)-5)/7,MOD((ROW(E23)-5),7)) -> 0 | F23: =OFFSET('1课程考核方式及成绩组成'!$N$10,(ROW(F23)-5)/7,MOD((ROW(F23)-5),7)) -> 0 | G23: =OFFSET('1课程考核方式及成绩组成'!$V$10,(ROW(G23)-5)/7,MOD((ROW(G23)-5),7)) -> 0 | H23: =OFFSET('1课程考核方式及成绩组成'!$AD$10,(ROW(H23)-5)/7,MOD((ROW(H23)-5),7)) -> 0 | I23: =OFFSET('1课程考核方式及成绩组成'!$AL$10,(ROW(I23)-5)/7,MOD((ROW(I23)-5),7)) -> 0 | J23: =IF('0信息维护'!$I$109=0,0,E23/('0信息维护'!$I$109)*'0信息维护'!$E$39*'0信息维护'!$S$29)+IF('0信息维护'!$I$110=0,0,F23/('0信息维护'!$I$110)*'0信息维护'!$E$39*'0信息维护'!$T$29)+IF('0信息维护'!$I$111=0,0,G23/('0信息维护'!$I$111)*'0信息维护'!$E$39*'0信息维护'!$U$29)+IF('0信息维护'!$I$112=0,0,H23/('0信息维护'!$I$112)*'0信息维护'!$E$39*'0信息维护'!$V$29)+IF('0信息维护'!$I$113=0,0,I23/'0信息维护'!$I$113*'0信息维护'!$I$39) -> 0
D24: ='0信息维护'!A$30 -> 课程目标6 | E24: =OFFSET('1课程考核方式及成绩组成'!$F$10,(ROW(E24)-5)/7,MOD((ROW(E24)-5),7)) -> 0 | F24: =OFFSET('1课程考核方式及成绩组成'!$N$10,(ROW(F24)-5)/7,MOD((ROW(F24)-5),7)) -> 0 | G24: =OFFSET('1课程考核方式及成绩组成'!$V$10,(ROW(G24)-5)/7,MOD((ROW(G24)-5),7)) -> 0 | H24: =OFFSET('1课程考核方式及成绩组成'!$AD$10,(ROW(H24)-5)/7,MOD((ROW(H24)-5),7)) -> 0 | I24: =OFFSET('1课程考核方式及成绩组成'!$AL$10,(ROW(I24)-5)/7,MOD((ROW(I24)-5),7)) -> 0 | J24: =IF('0信息维护'!$I$115=0,0,E24/('0信息维护'!$I$115)*'0信息维护'!$E$40*'0信息维护'!$S$30)+IF('0信息维护'!$I$116=0,0,F24/('0信息维护'!$I$116)*'0信息维护'!$E$40*'0信息维护'!$T$30)+IF('0信息维护'!$I$117=0,0,G24/('0信息维护'!$I$117)*'0信息维护'!$E$40*'0信息维护'!$U$30)+IF('0信息维护'!$I$118=0,0,H24/('0信息维护'!$I$118)*'0信息维护'!$E$40*'0信息维护'!$V$30)+IF('0信息维护'!$I$119=0,0,I24/'0信息维护'!$I$119*'0信息维护'!$I$40) -> 0
D25: ='0信息维护'!A$31 -> 课程目标7 | E25: =OFFSET('1课程考核方式及成绩组成'!$F$10,(ROW(E25)-5)/7,MOD((ROW(E25)-5),7)) -> 0 | F25: =OFFSET('1课程考核方式及成绩组成'!$N$10,(ROW(F25)-5)/7,MOD((ROW(F25)-5),7)) -> 0 | G25: =OFFSET('1课程考核方式及成绩组成'!$V$10,(ROW(G25)-5)/7,MOD((ROW(G25)-5),7)) -> 0 | H25: =OFFSET('1课程考核方式及成绩组成'!$AD$10,(ROW(H25)-5)/7,MOD((ROW(H25)-5),7)) -> 0 | I25: =OFFSET('1课程考核方式及成绩组成'!$AL$10,(ROW(I25)-5)/7,MOD((ROW(I25)-5),7)) -> 0 | J25: =IF('0信息维护'!$I$121=0,0,E25/('0信息维护'!$I$121)*'0信息维护'!$E$41*'0信息维护'!$S$31)+IF('0信息维护'!$I$122=0,0,F25/('0信息维护'!$I$122)*'0信息维护'!$E$41*'0信息维护'!$T$31)+IF('0信息维护'!$I$123=0,0,G25/('0信息维护'!$I$123)*'0信息维护'!$E$41*'0信息维护'!$U$31)+IF('0信息维护'!$I$124=0,0,H25/('0信息维护'!$I$124)*'0信息维护'!$E$41*'0信息维护'!$T$31)+IF('0信息维护'!$I$125=0,0,I25/'0信息维护'!$I$125*'0信息维护'!$I$41) -> 0
A26: 4 | B26: =OFFSET('1课程考核方式及成绩组成'!$D$10,(ROW(B26)-5)/7,) -> 180301042 | C26: =OFFSET('1课程考核方式及成绩组成'!$E$10,(ROW(C26)-5)/7,) -> 覃朝雄 | D26: ='0信息维护'!A$25 -> 课程目标1 | E26: =OFFSET('1课程考核方式及成绩组成'!$F$10,(ROW(E26)-5)/7,MOD((ROW(E26)-5),7)) -> 40 | F26: =OFFSET('1课程考核方式及成绩组成'!$N$10,(ROW(F26)-5)/7,MOD((ROW(F26)-5),7)) -> 0 | G26: =OFFSET('1课程考核方式及成绩组成'!$V$10,(ROW(G26)-5)/7,MOD((ROW(G26)-5),7)) -> 0 | H26: =OFFSET('1课程考核方式及成绩组成'!$AD$10,(ROW(H26)-5)/7,MOD((ROW(H26)-5),7)) -> 0 | I26: =OFFSET('1课程考核方式及成绩组成'!$AL$10,(ROW(I26)-5)/7,MOD((ROW(I26)-5),7)) -> 34 | J26: =IF('0信息维护'!$I$85=0,0,E26/('0信息维护'!$I$85)*'0信息维护'!$E$35*'0信息维护'!$S$25)+IF('0信息维护'!$I$86=0,0,F26/('0信息维护'!$I$86)*'0信息维护'!$E$35*'0信息维护'!$T$25)+IF('0信息维护'!$I$87=0,0,G26/('0信息维护'!$I$87)*'0信息维护'!$E$35*'0信息维护'!$U$25)+IF('0信息维护'!$I$88=0,0,H26/('0信息维护'!$I$88)*'0信息维护'!$E$35*'0信息维护'!$V$25)+IF('0信息维护'!$I$89=0,0,I26/'0信息维护'!$I$89*'0信息维护'!$I$35) -> 0.97222222 | K26: =J26*'0信息维护'!$D$132+J27*'0信息维护'!$D$133+J28*'0信息维护'!$D$134+J29*'0信息维护'!$D$135+J30*'0信息维护'!$D$136+J31*'0信息维护'!$D$137+J32*'0信息维护'!$D$138 -> 0.77289216
D27: ='0信息维护'!A$26 -> 课程目标2 | E27: =OFFSET('1课程考核方式及成绩组成'!$F$10,(ROW(E27)-5)/7,MOD((ROW(E27)-5),7)) -> 60 | F27: =OFFSET('1课程考核方式及成绩组成'!$N$10,(ROW(F27)-5)/7,MOD((ROW(F27)-5),7)) -> 0 | G27: =OFFSET('1课程考核方式及成绩组成'!$V$10,(ROW(G27)-5)/7,MOD((ROW(G27)-5),7)) -> 0 | H27: =OFFSET('1课程考核方式及成绩组成'!$AD$10,(ROW(H27)-5)/7,MOD((ROW(H27)-5),7)) -> 0 | I27: =OFFSET('1课程考核方式及成绩组成'!$AL$10,(ROW(I27)-5)/7,MOD((ROW(I27)-5),7)) -> 21 | J27: =IF('0信息维护'!$I$91=0,0,E27/('0信息维护'!$I$91)*'0信息维护'!$S$26*'0信息维护'!$E$36)+IF('0信息维护'!$I$92=0,0,F27/('0信息维护'!$I$92)*'0信息维护'!$T$26*'0信息维护'!$E$36)+IF('0信息维护'!$I$93=0,0,G27/('0信息维护'!$I$93)*'0信息维护'!$U$26*'0信息维护'!$E$36)+IF('0信息维护'!$I$94=0,0,H27/('0信息维护'!$I$94)*'0信息维护'!$V$26*'0信息维护'!$E$36)+IF('0信息维护'!$I$95=0,0,I27/'0信息维护'!$I$95*'0信息维护'!$I$36) -> 0.85
D28: ='0信息维护'!A$27 -> 课程目标3 | E28: =OFFSET('1课程考核方式及成绩组成'!$F$10,(ROW(E28)-5)/7,MOD((ROW(E28)-5),7)) -> 0 | F28: =OFFSET('1课程考核方式及成绩组成'!$N$10,(ROW(F28)-5)/7,MOD((ROW(F28)-5),7)) -> 0 | G28: =OFFSET('1课程考核方式及成绩组成'!$V$10,(ROW(G28)-5)/7,MOD((ROW(G28)-5),7)) -> 0 | H28: =OFFSET('1课程考核方式及成绩组成'!$AD$10,(ROW(H28)-5)/7,MOD((ROW(H28)-5),7)) -> 0 | I28: =OFFSET('1课程考核方式及成绩组成'!$AL$10,(ROW(I28)-5)/7,MOD((ROW(I28)-5),7)) -> 20 | J28: =IF('0信息维护'!$I$97=0,0,E28/('0信息维护'!$I$97)*'0信息维护'!$E$37*'0信息维护'!$S$27)+IF('0信息维护'!$I$98=0,0,F28/('0信息维护'!$I$98)*'0信息维护'!$E$37*'0信息维护'!$T$27)+IF('0信息维护'!$I$99=0,0,G28/('0信息维护'!$I$99)*'0信息维护'!$E$37*'0信息维护'!$U$27)+IF('0信息维护'!$I$100=0,0,H28/('0信息维护'!$I$100)*'0信息维护'!$E$37*'0信息维护'!$V$27)+IF('0信息维护'!$I$101=0,0,I28/'0信息维护'!$I$101*'0信息维护'!$I$37) -> 0.58823529
D29: ='0信息维护'!A$28 -> 课程目标4 | E29: =OFFSET('1课程考核方式及成绩组成'!$F$10,(ROW(E29)-5)/7,MOD((ROW(E29)-5),7)) -> 0 | F29: =OFFSET('1课程考核方式及成绩组成'!$N$10,(ROW(F29)-5)/7,MOD((ROW(F29)-5),7)) -> 75 | G29: =OFFSET('1课程考核方式及成绩组成'!$V$10,(ROW(G29)-5)/7,MOD((ROW(G29)-5),7)) -> 0 | H29: =OFFSET('1课程考核方式及成绩组成'!$AD$10,(ROW(H29)-5)/7,MOD((ROW(H29)-5),7)) -> 0 | I29: =OFFSET('1课程考核方式及成绩组成'!$AL$10,(ROW(I29)-5)/7,MOD((ROW(I29)-5),7)) -> 0 | J29: =IF('0信息维护'!$I$103=0,0,E29/('0信息维护'!$I$103)*'0信息维护'!$E$38*'0信息维护'!$S$28)+IF('0信息维护'!$I$104=0,0,F29/('0信息维护'!$I$104)*'0信息维护'!$E$38*'0信息维护'!$T$28)+IF('0信息维护'!$I$105=0,0,G29/('0信息维护'!$I$105)*'0信息维护'!$E$38*'0信息维护'!$U$28)+IF('0信息维护'!$I$106=0,0,H29/('0信息维护'!$I$106)*'0信息维护'!$E$38*'0信息维护'!$V$28)+IF('0信息维护'!$I$107=0,0,I29/'0信息维护'!$I$107*'0信息维护'!$I$38) -> 0.75
D30: ='0信息维护'!A$29 -> 课程目标5 | E30: =OFFSET('1课程考核方式及成绩组成'!$F$10,(ROW(E30)-5)/7,MOD((ROW(E30)-5),7)) -> 0 | F30: =OFFSET('1课程考核方式及成绩组成'!$N$10,(ROW(F30)-5)/7,MOD((ROW(F30)-5),7)) -> 0 | G30: =OFFSET('1课程考核方式及成绩组成'!$V$10,(ROW(G30)-5)/7,MOD((ROW(G30)-5),7)) -> 0 | H30: =OFFSET('1课程考核方式及成绩组成'!$AD$10,(ROW(H30)-5)/7,MOD((ROW(H30)-5),7)) -> 0 | I30: =OFFSET('1课程考核方式及成绩组成'!$AL$10,(ROW(I30)-5)/7,MOD((ROW(I30)-5),7)) -> 0 | J30: =IF('0信息维护'!$I$109=0,0,E30/('0信息维护'!$I$109)*'0信息维护'!$E$39*'0信息维护'!$S$29)+IF('0信息维护'!$I$110=0,0,F30/('0信息维护'!$I$110)*'0信息维护'!$E$39*'0信息维护'!$T$29)+IF('0信息维护'!$I$111=0,0,G30/('0信息维护'!$I$111)*'0信息维护'!$E$39*'0信息维护'!$U$29)+IF('0信息维护'!$I$112=0,0,H30/('0信息维护'!$I$112)*'0信息维护'!$E$39*'0信息维护'!$V$29)+IF('0信息维护'!$I$113=0,0,I30/'0信息维护'!$I$113*'0信息维护'!$I$39) -> 0
D31: ='0信息维护'!A$30 -> 课程目标6 | E31: =OFFSET('1课程考核方式及成绩组成'!$F$10,(ROW(E31)-5)/7,MOD((ROW(E31)-5),7)) -> 0 | F31: =OFFSET('1课程考核方式及成绩组成'!$N$10,(ROW(F31)-5)/7,MOD((ROW(F31)-5),7)) -> 0 | G31: =OFFSET('1课程考核方式及成绩组成'!$V$10,(ROW(G31)-5)/7,MOD((ROW(G31)-5),7)) -> 0 | H31: =OFFSET('1课程考核方式及成绩组成'!$AD$10,(ROW(H31)-5)/7,MOD((ROW(H31)-5),7)) -> 0 | I31: =OFFSET('1课程考核方式及成绩组成'!$AL$10,(ROW(I31)-5)/7,MOD((ROW(I31)-5),7)) -> 0 | J31: =IF('0信息维护'!$I$115=0,0,E31/('0信息维护'!$I$115)*'0信息维护'!$E$40*'0信息维护'!$S$30)+IF('0信息维护'!$I$116=0,0,F31/('0信息维护'!$I$116)*'0信息维护'!$E$40*'0信息维护'!$T$30)+IF('0信息维护'!$I$117=0,0,G31/('0信息维护'!$I$117)*'0信息维护'!$E$40*'0信息维护'!$U$30)+IF('0信息维护'!$I$118=0,0,H31/('0信息维护'!$I$118)*'0信息维护'!$E$40*'0信息维护'!$V$30)+IF('0信息维护'!$I$119=0,0,I31/'0信息维护'!$I$119*'0信息维护'!$I$40) -> 0
D32: ='0信息维护'!A$31 -> 课程目标7 | E32: =OFFSET('1课程考核方式及成绩组成'!$F$10,(ROW(E32)-5)/7,MOD((ROW(E32)-5),7)) -> 0 | F32: =OFFSET('1课程考核方式及成绩组成'!$N$10,(ROW(F32)-5)/7,MOD((ROW(F32)-5),7)) -> 0 | G32: =OFFSET('1课程考核方式及成绩组成'!$V$10,(ROW(G32)-5)/7,MOD((ROW(G32)-5),7)) -> 0 | H32: =OFFSET('1课程考核方式及成绩组成'!$AD$10,(ROW(H32)-5)/7,MOD((ROW(H32)-5),7)) -> 0 | I32: =OFFSET('1课程考核方式及成绩组成'!$AL$10,(ROW(I32)-5)/7,MOD((ROW(I32)-5),7)) -> 0 | J32: =IF('0信息维护'!$I$121=0,0,E32/('0信息维护'!$I$121)*'0信息维护'!$E$41*'0信息维护'!$S$31)+IF('0信息维护'!$I$122=0,0,F32/('0信息维护'!$I$122)*'0信息维护'!$E$41*'0信息维护'!$T$31)+IF('0信息维护'!$I$123=0,0,G32/('0信息维护'!$I$123)*'0信息维护'!$E$41*'0信息维护'!$U$31)+IF('0信息维护'!$I$124=0,0,H32/('0信息维护'!$I$124)*'0信息维护'!$E$41*'0信息维护'!$T$31)+IF('0信息维护'!$I$125=0,0,I32/'0信息维护'!$I$125*'0信息维护'!$I$41) -> 0
A33: 5 | B33: =OFFSET('1课程考核方式及成绩组成'!$D$10,(ROW(B33)-5)/7,) -> 190301001 | C33: =OFFSET('1课程考核方式及成绩组成'!$E$10,(ROW(C33)-5)/7,) -> 温佳洛 | D33: ='0信息维护'!A$25 -> 课程目标1 | E33: =OFFSET('1课程考核方式及成绩组成'!$F$10,(ROW(E33)-5)/7,MOD((ROW(E33)-5),7)) -> 35 | F33: =OFFSET('1课程考核方式及成绩组成'!$N$10,(ROW(F33)-5)/7,MOD((ROW(F33)-5),7)) -> 0 | G33: =OFFSET('1课程考核方式及成绩组成'!$V$10,(ROW(G33)-5)/7,MOD((ROW(G33)-5),7)) -> 0 | H33: =OFFSET('1课程考核方式及成绩组成'!$AD$10,(ROW(H33)-5)/7,MOD((ROW(H33)-5),7)) -> 0 | I33: =OFFSET('1课程考核方式及成绩组成'!$AL$10,(ROW(I33)-5)/7,MOD((ROW(I33)-5),7)) -> 22 | J33: =IF('0信息维护'!$I$85=0,0,E33/('0信息维护'!$I$85)*'0信息维护'!$E$35*'0信息维护'!$S$25)+IF('0信息维护'!$I$86=0,0,F33/('0信息维护'!$I$86)*'0信息维护'!$E$35*'0信息维护'!$T$25)+IF('0信息维护'!$I$87=0,0,G33/('0信息维护'!$I$87)*'0信息维护'!$E$35*'0信息维护'!$U$25)+IF('0信息维护'!$I$88=0,0,H33/('0信息维护'!$I$88)*'0信息维护'!$E$35*'0信息维护'!$V$25)+IF('0信息维护'!$I$89=0,0,I33/'0信息维护'!$I$89*'0信息维护'!$I$35) -> 0.74305556 | K33: =J33*'0信息维护'!$D$132+J34*'0信息维护'!$D$133+J35*'0信息维护'!$D$134+J36*'0信息维护'!$D$135+J37*'0信息维护'!$D$136+J38*'0信息维护'!$D$137+J39*'0信息维护'!$D$138 -> 0.63995833
D34: ='0信息维护'!A$26 -> 课程目标2 | E34: =OFFSET('1课程考核方式及成绩组成'!$F$10,(ROW(E34)-5)/7,MOD((ROW(E34)-5),7)) -> 55 | F34: =OFFSET('1课程考核方式及成绩组成'!$N$10,(ROW(F34)-5)/7,MOD((ROW(F34)-5),7)) -> 0 | G34: =OFFSET('1课程考核方式及成绩组成'!$V$10,(ROW(G34)-5)/7,MOD((ROW(G34)-5),7)) -> 0 | H34: =OFFSET('1课程考核方式及成绩组成'!$AD$10,(ROW(H34)-5)/7,MOD((ROW(H34)-5),7)) -> 0 | I34: =OFFSET('1课程考核方式及成绩组成'!$AL$10,(ROW(I34)-5)/7,MOD((ROW(I34)-5),7)) -> 7 | J34: =IF('0信息维护'!$I$91=0,0,E34/('0信息维护'!$I$91)*'0信息维护'!$S$26*'0信息维护'!$E$36)+IF('0信息维护'!$I$92=0,0,F34/('0信息维护'!$I$92)*'0信息维护'!$T$26*'0信息维护'!$E$36)+IF('0信息维护'!$I$93=0,0,G34/('0信息维护'!$I$93)*'0信息维护'!$U$26*'0信息维护'!$E$36)+IF('0信息维护'!$I$94=0,0,H34/('0信息维护'!$I$94)*'0信息维护'!$V$26*'0信息维护'!$E$36)+IF('0信息维护'!$I$95=0,0,I34/'0信息维护'!$I$95*'0信息维护'!$I$36) -> 0.575
D35: ='0信息维护'!A$27 -> 课程目标3 | E35: =OFFSET('1课程考核方式及成绩组成'!$F$10,(ROW(E35)-5)/7,MOD((ROW(E35)-5),7)) -> 0 | F35: =OFFSET('1课程考核方式及成绩组成'!$N$10,(ROW(F35)-5)/7,MOD((ROW(F35)-5),7)) -> 0 | G35: =OFFSET('1课程考核方式及成绩组成'!$V$10,(ROW(G35)-5)/7,MOD((ROW(G35)-5),7)) -> 0 | H35: =OFFSET('1课程考核方式及成绩组成'!$AD$10,(ROW(H35)-5)/7,MOD((ROW(H35)-5),7)) -> 0 | I35: =OFFSET('1课程考核方式及成绩组成'!$AL$10,(ROW(I35)-5)/7,MOD((ROW(I35)-5),7)) -> 17 | J35: =IF('0信息维护'!$I$97=0,0,E35/('0信息维护'!$I$97)*'0信息维护'!$E$37*'0信息维护'!$S$27)+IF('0信息维护'!$I$98=0,0,F35/('0信息维护'!$I$98)*'0信息维护'!$E$37*'0信息维护'!$T$27)+IF('0信息维护'!$I$99=0,0,G35/('0信息维护'!$I$99)*'0信息维护'!$E$37*'0信息维护'!$U$27)+IF('0信息维护'!$I$100=0,0,H35/('0信息维护'!$I$100)*'0信息维护'!$E$37*'0信息维护'!$V$27)+IF('0信息维护'!$I$101=0,0,I35/'0信息维护'!$I$101*'0信息维护'!$I$37) -> 0.5
D36: ='0信息维护'!A$28 -> 课程目标4 | E36: =OFFSET('1课程考核方式及成绩组成'!$F$10,(ROW(E36)-5)/7,MOD((ROW(E36)-5),7)) -> 0 | F36: =OFFSET('1课程考核方式及成绩组成'!$N$10,(ROW(F36)-5)/7,MOD((ROW(F36)-5),7)) -> 77 | G36: =OFFSET('1课程考核方式及成绩组成'!$V$10,(ROW(G36)-5)/7,MOD((ROW(G36)-5),7)) -> 0 | H36: =OFFSET('1课程考核方式及成绩组成'!$AD$10,(ROW(H36)-5)/7,MOD((ROW(H36)-5),7)) -> 0 | I36: =OFFSET('1课程考核方式及成绩组成'!$AL$10,(ROW(I36)-5)/7,MOD((ROW(I36)-5),7)) -> 0 | J36: =IF('0信息维护'!$I$103=0,0,E36/('0信息维护'!$I$103)*'0信息维护'!$E$38*'0信息维护'!$S$28)+IF('0信息维护'!$I$104=0,0,F36/('0信息维护'!$I$104)*'0信息维护'!$E$38*'0信息维护'!$T$28)+IF('0信息维护'!$I$105=0,0,G36/('0信息维护'!$I$105)*'0信息维护'!$E$38*'0信息维护'!$U$28)+IF('0信息维护'!$I$106=0,0,H36/('0信息维护'!$I$106)*'0信息维护'!$E$38*'0信息维护'!$V$28)+IF('0信息维护'!$I$107=0,0,I36/'0信息维护'!$I$107*'0信息维护'!$I$38) -> 0.77
D37: ='0信息维护'!A$29 -> 课程目标5 | E37: =OFFSET('1课程考核方式及成绩组成'!$F$10,(ROW(E37)-5)/7,MOD((ROW(E37)-5),7)) -> 0 | F37: =OFFSET('1课程考核方式及成绩组成'!$N$10,(ROW(F37)-5)/7,MOD((ROW(F37)-5),7)) -> 0 | G37: =OFFSET('1课程考核方式及成绩组成'!$V$10,(ROW(G37)-5)/7,MOD((ROW(G37)-5),7)) -> 0 | H37: =OFFSET('1课程考核方式及成绩组成'!$AD$10,(ROW(H37)-5)/7,MOD((ROW(H37)-5),7)) -> 0 | I37: =OFFSET('1课程考核方式及成绩组成'!$AL$10,(ROW(I37)-5)/7,MOD((ROW(I37)-5),7)) -> 0 | J37: =IF('0信息维护'!$I$109=0,0,E37/('0信息维护'!$I$109)*'0信息维护'!$E$39*'0信息维护'!$S$29)+IF('0信息维护'!$I$110=0,0,F37/('0信息维护'!$I$110)*'0信息维护'!$E$39*'0信息维护'!$T$29)+IF('0信息维护'!$I$111=0,0,G37/('0信息维护'!$I$111)*'0信息维护'!$E$39*'0信息维护'!$U$29)+IF('0信息维护'!$I$112=0,0,H37/('0信息维护'!$I$112)*'0信息维护'!$E$39*'0信息维护'!$V$29)+IF('0信息维护'!$I$113=0,0,I37/'0信息维护'!$I$113*'0信息维护'!$I$39) -> 0
D38: ='0信息维护'!A$30 -> 课程目标6 | E38: =OFFSET('1课程考核方式及成绩组成'!$F$10,(ROW(E38)-5)/7,MOD((ROW(E38)-5),7)) -> 0 | F38: =OFFSET('1课程考核方式及成绩组成'!$N$10,(ROW(F38)-5)/7,MOD((ROW(F38)-5),7)) -> 0 | G38: =OFFSET('1课程考核方式及成绩组成'!$V$10,(ROW(G38)-5)/7,MOD((ROW(G38)-5),7)) -> 0 | H38: =OFFSET('1课程考核方式及成绩组成'!$AD$10,(ROW(H38)-5)/7,MOD((ROW(H38)-5),7)) -> 0 | I38: =OFFSET('1课程考核方式及成绩组成'!$AL$10,(ROW(I38)-5)/7,MOD((ROW(I38)-5),7)) -> 0 | J38: =IF('0信息维护'!$I$115=0,0,E38/('0信息维护'!$I$115)*'0信息维护'!$E$40*'0信息维护'!$S$30)+IF('0信息维护'!$I$116=0,0,F38/('0信息维护'!$I$116)*'0信息维护'!$E$40*'0信息维护'!$T$30)+IF('0信息维护'!$I$117=0,0,G38/('0信息维护'!$I$117)*'0信息维护'!$E$40*'0信息维护'!$U$30)+IF('0信息维护'!$I$118=0,0,H38/('0信息维护'!$I$118)*'0信息维护'!$E$40*'0信息维护'!$V$30)+IF('0信息维护'!$I$119=0,0,I38/'0信息维护'!$I$119*'0信息维护'!$I$40) -> 0
D39: ='0信息维护'!A$31 -> 课程目标7 | E39: =OFFSET('1课程考核方式及成绩组成'!$F$10,(ROW(E39)-5)/7,MOD((ROW(E39)-5),7)) -> 0 | F39: =OFFSET('1课程考核方式及成绩组成'!$N$10,(ROW(F39)-5)/7,MOD((ROW(F39)-5),7)) -> 0 | G39: =OFFSET('1课程考核方式及成绩组成'!$V$10,(ROW(G39)-5)/7,MOD((ROW(G39)-5),7)) -> 0 | H39: =OFFSET('1课程考核方式及成绩组成'!$AD$10,(ROW(H39)-5)/7,MOD((ROW(H39)-5),7)) -> 0 | I39: =OFFSET('1课程考核方式及成绩组成'!$AL$10,(ROW(I39)-5)/7,MOD((ROW(I39)-5),7)) -> 0 | J39: =IF('0信息维护'!$I$121=0,0,E39/('0信息维护'!$I$121)*'0信息维护'!$E$41*'0信息维护'!$S$31)+IF('0信息维护'!$I$122=0,0,F39/('0信息维护'!$I$122)*'0信息维护'!$E$41*'0信息维护'!$T$31)+IF('0信息维护'!$I$123=0,0,G39/('0信息维护'!$I$123)*'0信息维护'!$E$41*'0信息维护'!$U$31)+IF('0信息维护'!$I$124=0,0,H39/('0信息维护'!$I$124)*'0信息维护'!$E$41*'0信息维护'!$T$31)+IF('0信息维护'!$I$125=0,0,I39/'0信息维护'!$I$125*'0信息维护'!$I$41) -> 0
A40: 6 | B40: =OFFSET('1课程考核方式及成绩组成'!$D$10,(ROW(B40)-5)/7,) -> 190301002 | C40: =OFFSET('1课程考核方式及成绩组成'!$E$10,(ROW(C40)-5)/7,) -> 周涛 | D40: ='0信息维护'!A$25 -> 课程目标1 | E40: =OFFSET('1课程考核方式及成绩组成'!$F$10,(ROW(E40)-5)/7,MOD((ROW(E40)-5),7)) -> 40 | F40: =OFFSET('1课程考核方式及成绩组成'!$N$10,(ROW(F40)-5)/7,MOD((ROW(F40)-5),7)) -> 0 | G40: =OFFSET('1课程考核方式及成绩组成'!$V$10,(ROW(G40)-5)/7,MOD((ROW(G40)-5),7)) -> 0 | H40: =OFFSET('1课程考核方式及成绩组成'!$AD$10,(ROW(H40)-5)/7,MOD((ROW(H40)-5),7)) -> 0 | I40: =OFFSET('1课程考核方式及成绩组成'!$AL$10,(ROW(I40)-5)/7,MOD((ROW(I40)-5),7)) -> 32 | J40: =IF('0信息维护'!$I$85=0,0,E40/('0信息维护'!$I$85)*'0信息维护'!$E$35*'0信息维护'!$S$25)+IF('0信息维护'!$I$86=0,0,F40/('0信息维护'!$I$86)*'0信息维护'!$E$35*'0信息维护'!$T$25)+IF('0信息维护'!$I$87=0,0,G40/('0信息维护'!$I$87)*'0信息维护'!$E$35*'0信息维护'!$U$25)+IF('0信息维护'!$I$88=0,0,H40/('0信息维护'!$I$88)*'0信息维护'!$E$35*'0信息维护'!$V$25)+IF('0信息维护'!$I$89=0,0,I40/'0信息维护'!$I$89*'0信息维护'!$I$35) -> 0.94444444 | K40: =J40*'0信息维护'!$D$132+J41*'0信息维护'!$D$133+J42*'0信息维护'!$D$134+J43*'0信息维护'!$D$135+J44*'0信息维护'!$D$136+J45*'0信息维护'!$D$137+J46*'0信息维护'!$D$138 -> 0.8864902
D41: ='0信息维护'!A$26 -> 课程目标2 | E41: =OFFSET('1课程考核方式及成绩组成'!$F$10,(ROW(E41)-5)/7,MOD((ROW(E41)-5),7)) -> 60 | F41: =OFFSET('1课程考核方式及成绩组成'!$N$10,(ROW(F41)-5)/7,MOD((ROW(F41)-5),7)) -> 0 | G41: =OFFSET('1课程考核方式及成绩组成'!$V$10,(ROW(G41)-5)/7,MOD((ROW(G41)-5),7)) -> 0 | H41: =OFFSET('1课程考核方式及成绩组成'!$AD$10,(ROW(H41)-5)/7,MOD((ROW(H41)-5),7)) -> 0 | I41: =OFFSET('1课程考核方式及成绩组成'!$AL$10,(ROW(I41)-5)/7,MOD((ROW(I41)-5),7)) -> 30 | J41: =IF('0信息维护'!$I$91=0,0,E41/('0信息维护'!$I$91)*'0信息维护'!$S$26*'0信息维护'!$E$36)+IF('0信息维护'!$I$92=0,0,F41/('0信息维护'!$I$92)*'0信息维护'!$T$26*'0信息维护'!$E$36)+IF('0信息维护'!$I$93=0,0,G41/('0信息维护'!$I$93)*'0信息维护'!$U$26*'0信息维护'!$E$36)+IF('0信息维护'!$I$94=0,0,H41/('0信息维护'!$I$94)*'0信息维护'!$V$26*'0信息维护'!$E$36)+IF('0信息维护'!$I$95=0,0,I41/'0信息维护'!$I$95*'0信息维护'!$I$36) -> 1
D42: ='0信息维护'!A$27 -> 课程目标3 | E42: =OFFSET('1课程考核方式及成绩组成'!$F$10,(ROW(E42)-5)/7,MOD((ROW(E42)-5),7)) -> 0 | F42: =OFFSET('1课程考核方式及成绩组成'!$N$10,(ROW(F42)-5)/7,MOD((ROW(F42)-5),7)) -> 0 | G42: =OFFSET('1课程考核方式及成绩组成'!$V$10,(ROW(G42)-5)/7,MOD((ROW(G42)-5),7)) -> 0 | H42: =OFFSET('1课程考核方式及成绩组成'!$AD$10,(ROW(H42)-5)/7,MOD((ROW(H42)-5),7)) -> 0 | I42: =OFFSET('1课程考核方式及成绩组成'!$AL$10,(ROW(I42)-5)/7,MOD((ROW(I42)-5),7)) -> 25 | J42: =IF('0信息维护'!$I$97=0,0,E42/('0信息维护'!$I$97)*'0信息维护'!$E$37*'0信息维护'!$S$27)+IF('0信息维护'!$I$98=0,0,F42/('0信息维护'!$I$98)*'0信息维护'!$E$37*'0信息维护'!$T$27)+IF('0信息维护'!$I$99=0,0,G42/('0信息维护'!$I$99)*'0信息维护'!$E$37*'0信息维护'!$U$27)+IF('0信息维护'!$I$100=0,0,H42/('0信息维护'!$I$100)*'0信息维护'!$E$37*'0信息维护'!$V$27)+IF('0信息维护'!$I$101=0,0,I42/'0信息维护'!$I$101*'0信息维护'!$I$37) -> 0.73529412
D43: ='0信息维护'!A$28 -> 课程目标4 | E43: =OFFSET('1课程考核方式及成绩组成'!$F$10,(ROW(E43)-5)/7,MOD((ROW(E43)-5),7)) -> 0 | F43: =OFFSET('1课程考核方式及成绩组成'!$N$10,(ROW(F43)-5)/7,MOD((ROW(F43)-5),7)) -> 87 | G43: =OFFSET('1课程考核方式及成绩组成'!$V$10,(ROW(G43)-5)/7,MOD((ROW(G43)-5),7)) -> 0 | H43: =OFFSET('1课程考核方式及成绩组成'!$AD$10,(ROW(H43)-5)/7,MOD((ROW(H43)-5),7)) -> 0 | I43: =OFFSET('1课程考核方式及成绩组成'!$AL$10,(ROW(I43)-5)/7,MOD((ROW(I43)-5),7)) -> 0 | J43: =IF('0信息维护'!$I$103=0,0,E43/('0信息维护'!$I$103)*'0信息维护'!$E$38*'0信息维护'!$S$28)+IF('0信息维护'!$I$104=0,0,F43/('0信息维护'!$I$104)*'0信息维护'!$E$38*'0信息维护'!$T$28)+IF('0信息维护'!$I$105=0,0,G43/('0信息维护'!$I$105)*'0信息维护'!$E$38*'0信息维护'!$U$28)+IF('0信息维护'!$I$106=0,0,H43/('0信息维护'!$I$106)*'0信息维护'!$E$38*'0信息维护'!$V$28)+IF('0信息维护'!$I$107=0,0,I43/'0信息维护'!$I$107*'0信息维护'!$I$38) -> 0.87
D44: ='0信息维护'!A$29 -> 课程目标5 | E44: =OFFSET('1课程考核方式及成绩组成'!$F$10,(ROW(E44)-5)/7,MOD((ROW(E44)-5),7)) -> 0 | F44: =OFFSET('1课程考核方式及成绩组成'!$N$10,(ROW(F44)-5)/7,MOD((ROW(F44)-5),7)) -> 0 | G44: =OFFSET('1课程考核方式及成绩组成'!$V$10,(ROW(G44)-5)/7,MOD((ROW(G44)-5),7)) -> 0 | H44: =OFFSET('1课程考核方式及成绩组成'!$AD$10,(ROW(H44)-5)/7,MOD((ROW(H44)-5),7)) -> 0 | I44: =OFFSET('1课程考核方式及成绩组成'!$AL$10,(ROW(I44)-5)/7,MOD((ROW(I44)-5),7)) -> 0 | J44: =IF('0信息维护'!$I$109=0,0,E44/('0信息维护'!$I$109)*'0信息维护'!$E$39*'0信息维护'!$S$29)+IF('0信息维护'!$I$110=0,0,F44/('0信息维护'!$I$110)*'0信息维护'!$E$39*'0信息维护'!$T$29)+IF('0信息维护'!$I$111=0,0,G44/('0信息维护'!$I$111)*'0信息维护'!$E$39*'0信息维护'!$U$29)+IF('0信息维护'!$I$112=0,0,H44/('0信息维护'!$I$112)*'0信息维护'!$E$39*'0信息维护'!$V$29)+IF('0信息维护'!$I$113=0,0,I44/'0信息维护'!$I$113*'0信息维护'!$I$39) -> 0
D45: ='0信息维护'!A$30 -> 课程目标6 | E45: =OFFSET('1课程考核方式及成绩组成'!$F$10,(ROW(E45)-5)/7,MOD((ROW(E45)-5),7)) -> 0 | F45: =OFFSET('1课程考核方式及成绩组成'!$N$10,(ROW(F45)-5)/7,MOD((ROW(F45)-5),7)) -> 0 | G45: =OFFSET('1课程考核方式及成绩组成'!$V$10,(ROW(G45)-5)/7,MOD((ROW(G45)-5),7)) -> 0 | H45: =OFFSET('1课程考核方式及成绩组成'!$AD$10,(ROW(H45)-5)/7,MOD((ROW(H45)-5),7)) -> 0 | I45: =OFFSET('1课程考核方式及成绩组成'!$AL$10,(ROW(I45)-5)/7,MOD((ROW(I45)-5),7)) -> 0 | J45: =IF('0信息维护'!$I$115=0,0,E45/('0信息维护'!$I$115)*'0信息维护'!$E$40*'0信息维护'!$S$30)+IF('0信息维护'!$I$116=0,0,F45/('0信息维护'!$I$116)*'0信息维护'!$E$40*'0信息维护'!$T$30)+IF('0信息维护'!$I$117=0,0,G45/('0信息维护'!$I$117)*'0信息维护'!$E$40*'0信息维护'!$U$30)+IF('0信息维护'!$I$118=0,0,H45/('0信息维护'!$I$118)*'0信息维护'!$E$40*'0信息维护'!$V$30)+IF('0信息维护'!$I$119=0,0,I45/'0信息维护'!$I$119*'0信息维护'!$I$40) -> 0
D46: ='0信息维护'!A$31 -> 课程目标7 | E46: =OFFSET('1课程考核方式及成绩组成'!$F$10,(ROW(E46)-5)/7,MOD((ROW(E46)-5),7)) -> 0 | F46: =OFFSET('1课程考核方式及成绩组成'!$N$10,(ROW(F46)-5)/7,MOD((ROW(F46)-5),7)) -> 0 | G46: =OFFSET('1课程考核方式及成绩组成'!$V$10,(ROW(G46)-5)/7,MOD((ROW(G46)-5),7)) -> 0 | H46: =OFFSET('1课程考核方式及成绩组成'!$AD$10,(ROW(H46)-5)/7,MOD((ROW(H46)-5),7)) -> 0 | I46: =OFFSET('1课程考核方式及成绩组成'!$AL$10,(ROW(I46)-5)/7,MOD((ROW(I46)-5),7)) -> 0 | J46: =IF('0信息维护'!$I$121=0,0,E46/('0信息维护'!$I$121)*'0信息维护'!$E$41*'0信息维护'!$S$31)+IF('0信息维护'!$I$122=0,0,F46/('0信息维护'!$I$122)*'0信息维护'!$E$41*'0信息维护'!$T$31)+IF('0信息维护'!$I$123=0,0,G46/('0信息维护'!$I$123)*'0信息维护'!$E$41*'0信息维护'!$U$31)+IF('0信息维护'!$I$124=0,0,H46/('0信息维护'!$I$124)*'0信息维护'!$E$41*'0信息维护'!$T$31)+IF('0信息维护'!$I$125=0,0,I46/'0信息维护'!$I$125*'0信息维护'!$I$41) -> 0
A47: 7 | B47: =OFFSET('1课程考核方式及成绩组成'!$D$10,(ROW(B47)-5)/7,) -> 190301003 | C47: =OFFSET('1课程考核方式及成绩组成'!$E$10,(ROW(C47)-5)/7,) -> 何中尉 | D47: ='0信息维护'!A$25 -> 课程目标1 | E47: =OFFSET('1课程考核方式及成绩组成'!$F$10,(ROW(E47)-5)/7,MOD((ROW(E47)-5),7)) -> 40 | F47: =OFFSET('1课程考核方式及成绩组成'!$N$10,(ROW(F47)-5)/7,MOD((ROW(F47)-5),7)) -> 0 | G47: =OFFSET('1课程考核方式及成绩组成'!$V$10,(ROW(G47)-5)/7,MOD((ROW(G47)-5),7)) -> 0 | H47: =OFFSET('1课程考核方式及成绩组成'!$AD$10,(ROW(H47)-5)/7,MOD((ROW(H47)-5),7)) -> 0 | I47: =OFFSET('1课程考核方式及成绩组成'!$AL$10,(ROW(I47)-5)/7,MOD((ROW(I47)-5),7)) -> 28 | J47: =IF('0信息维护'!$I$85=0,0,E47/('0信息维护'!$I$85)*'0信息维护'!$E$35*'0信息维护'!$S$25)+IF('0信息维护'!$I$86=0,0,F47/('0信息维护'!$I$86)*'0信息维护'!$E$35*'0信息维护'!$T$25)+IF('0信息维护'!$I$87=0,0,G47/('0信息维护'!$I$87)*'0信息维护'!$E$35*'0信息维护'!$U$25)+IF('0信息维护'!$I$88=0,0,H47/('0信息维护'!$I$88)*'0信息维护'!$E$35*'0信息维护'!$V$25)+IF('0信息维护'!$I$89=0,0,I47/'0信息维护'!$I$89*'0信息维护'!$I$35) -> 0.88888889 | K47: =J47*'0信息维护'!$D$132+J48*'0信息维护'!$D$133+J49*'0信息维护'!$D$134+J50*'0信息维护'!$D$135+J51*'0信息维护'!$D$136+J52*'0信息维护'!$D$137+J53*'0信息维护'!$D$138 -> 0.77539216
D48: ='0信息维护'!A$26 -> 课程目标2 | E48: =OFFSET('1课程考核方式及成绩组成'!$F$10,(ROW(E48)-5)/7,MOD((ROW(E48)-5),7)) -> 60 | F48: =OFFSET('1课程考核方式及成绩组成'!$N$10,(ROW(F48)-5)/7,MOD((ROW(F48)-5),7)) -> 0 | G48: =OFFSET('1课程考核方式及成绩组成'!$V$10,(ROW(G48)-5)/7,MOD((ROW(G48)-5),7)) -> 0 | H48: =OFFSET('1课程考核方式及成绩组成'!$AD$10,(ROW(H48)-5)/7,MOD((ROW(H48)-5),7)) -> 0 | I48: =OFFSET('1课程考核方式及成绩组成'!$AL$10,(ROW(I48)-5)/7,MOD((ROW(I48)-5),7)) -> 18 | J48: =IF('0信息维护'!$I$91=0,0,E48/('0信息维护'!$I$91)*'0信息维护'!$S$26*'0信息维护'!$E$36)+IF('0信息维护'!$I$92=0,0,F48/('0信息维护'!$I$92)*'0信息维护'!$T$26*'0信息维护'!$E$36)+IF('0信息维护'!$I$93=0,0,G48/('0信息维护'!$I$93)*'0信息维护'!$U$26*'0信息维护'!$E$36)+IF('0信息维护'!$I$94=0,0,H48/('0信息维护'!$I$94)*'0信息维护'!$V$26*'0信息维护'!$E$36)+IF('0信息维护'!$I$95=0,0,I48/'0信息维护'!$I$95*'0信息维护'!$I$36) -> 0.8
D49: ='0信息维护'!A$27 -> 课程目标3 | E49: =OFFSET('1课程考核方式及成绩组成'!$F$10,(ROW(E49)-5)/7,MOD((ROW(E49)-5),7)) -> 0 | F49: =OFFSET('1课程考核方式及成绩组成'!$N$10,(ROW(F49)-5)/7,MOD((ROW(F49)-5),7)) -> 0 | G49: =OFFSET('1课程考核方式及成绩组成'!$V$10,(ROW(G49)-5)/7,MOD((ROW(G49)-5),7)) -> 0 | H49: =OFFSET('1课程考核方式及成绩组成'!$AD$10,(ROW(H49)-5)/7,MOD((ROW(H49)-5),7)) -> 0 | I49: =OFFSET('1课程考核方式及成绩组成'!$AL$10,(ROW(I49)-5)/7,MOD((ROW(I49)-5),7)) -> 20 | J49: =IF('0信息维护'!$I$97=0,0,E49/('0信息维护'!$I$97)*'0信息维护'!$E$37*'0信息维护'!$S$27)+IF('0信息维护'!$I$98=0,0,F49/('0信息维护'!$I$98)*'0信息维护'!$E$37*'0信息维护'!$T$27)+IF('0信息维护'!$I$99=0,0,G49/('0信息维护'!$I$99)*'0信息维护'!$E$37*'0信息维护'!$U$27)+IF('0信息维护'!$I$100=0,0,H49/('0信息维护'!$I$100)*'0信息维护'!$E$37*'0信息维护'!$V$27)+IF('0信息维护'!$I$101=0,0,I49/'0信息维护'!$I$101*'0信息维护'!$I$37) -> 0.58823529
D50: ='0信息维护'!A$28 -> 课程目标4 | E50: =OFFSET('1课程考核方式及成绩组成'!$F$10,(ROW(E50)-5)/7,MOD((ROW(E50)-5),7)) -> 0 | F50: =OFFSET('1课程考核方式及成绩组成'!$N$10,(ROW(F50)-5)/7,MOD((ROW(F50)-5),7)) -> 85 | G50: =OFFSET('1课程考核方式及成绩组成'!$V$10,(ROW(G50)-5)/7,MOD((ROW(G50)-5),7)) -> 0 | H50: =OFFSET('1课程考核方式及成绩组成'!$AD$10,(ROW(H50)-5)/7,MOD((ROW(H50)-5),7)) -> 0 | I50: =OFFSET('1课程考核方式及成绩组成'!$AL$10,(ROW(I50)-5)/7,MOD((ROW(I50)-5),7)) -> 0 | J50: =IF('0信息维护'!$I$103=0,0,E50/('0信息维护'!$I$103)*'0信息维护'!$E$38*'0信息维护'!$S$28)+IF('0信息维护'!$I$104=0,0,F50/('0信息维护'!$I$104)*'0信息维护'!$E$38*'0信息维护'!$T$28)+IF('0信息维护'!$I$105=0,0,G50/('0信息维护'!$I$105)*'0信息维护'!$E$38*'0信息维护'!$U$28)+IF('0信息维护'!$I$106=0,0,H50/('0信息维护'!$I$106)*'0信息维护'!$E$38*'0信息维护'!$V$28)+IF('0信息维护'!$I$107=0,0,I50/'0信息维护'!$I$107*'0信息维护'!$I$38) -> 0.85
D51: ='0信息维护'!A$29 -> 课程目标5 | E51: =OFFSET('1课程考核方式及成绩组成'!$F$10,(ROW(E51)-5)/7,MOD((ROW(E51)-5),7)) -> 0 | F51: =OFFSET('1课程考核方式及成绩组成'!$N$10,(ROW(F51)-5)/7,MOD((ROW(F51)-5),7)) -> 0 | G51: =OFFSET('1课程考核方式及成绩组成'!$V$10,(ROW(G51)-5)/7,MOD((ROW(G51)-5),7)) -> 0 | H51: =OFFSET('1课程考核方式及成绩组成'!$AD$10,(ROW(H51)-5)/7,MOD((ROW(H51)-5),7)) -> 0 | I51: =OFFSET('1课程考核方式及成绩组成'!$AL$10,(ROW(I51)-5)/7,MOD((ROW(I51)-5),7)) -> 0 | J51: =IF('0信息维护'!$I$109=0,0,E51/('0信息维护'!$I$109)*'0信息维护'!$E$39*'0信息维护'!$S$29)+IF('0信息维护'!$I$110=0,0,F51/('0信息维护'!$I$110)*'0信息维护'!$E$39*'0信息维护'!$T$29)+IF('0信息维护'!$I$111=0,0,G51/('0信息维护'!$I$111)*'0信息维护'!$E$39*'0信息维护'!$U$29)+IF('0信息维护'!$I$112=0,0,H51/('0信息维护'!$I$112)*'0信息维护'!$E$39*'0信息维护'!$V$29)+IF('0信息维护'!$I$113=0,0,I51/'0信息维护'!$I$113*'0信息维护'!$I$39) -> 0
D52: ='0信息维护'!A$30 -> 课程目标6 | E52: =OFFSET('1课程考核方式及成绩组成'!$F$10,(ROW(E52)-5)/7,MOD((ROW(E52)-5),7)) -> 0 | F52: =OFFSET('1课程考核方式及成绩组成'!$N$10,(ROW(F52)-5)/7,MOD((ROW(F52)-5),7)) -> 0 | G52: =OFFSET('1课程考核方式及成绩组成'!$V$10,(ROW(G52)-5)/7,MOD((ROW(G52)-5),7)) -> 0 | H52: =OFFSET('1课程考核方式及成绩组成'!$AD$10,(ROW(H52)-5)/7,MOD((ROW(H52)-5),7)) -> 0 | I52: =OFFSET('1课程考核方式及成绩组成'!$AL$10,(ROW(I52)-5)/7,MOD((ROW(I52)-5),7)) -> 0 | J52: =IF('0信息维护'!$I$115=0,0,E52/('0信息维护'!$I$115)*'0信息维护'!$E$40*'0信息维护'!$S$30)+IF('0信息维护'!$I$116=0,0,F52/('0信息维护'!$I$116)*'0信息维护'!$E$40*'0信息维护'!$T$30)+IF('0信息维护'!$I$117=0,0,G52/('0信息维护'!$I$117)*'0信息维护'!$E$40*'0信息维护'!$U$30)+IF('0信息维护'!$I$118=0,0,H52/('0信息维护'!$I$118)*'0信息维护'!$E$40*'0信息维护'!$V$30)+IF('0信息维护'!$I$119=0,0,I52/'0信息维护'!$I$119*'0信息维护'!$I$40) -> 0
D53: ='0信息维护'!A$31 -> 课程目标7 | E53: =OFFSET('1课程考核方式及成绩组成'!$F$10,(ROW(E53)-5)/7,MOD((ROW(E53)-5),7)) -> 0 | F53: =OFFSET('1课程考核方式及成绩组成'!$N$10,(ROW(F53)-5)/7,MOD((ROW(F53)-5),7)) -> 0 | G53: =OFFSET('1课程考核方式及成绩组成'!$V$10,(ROW(G53)-5)/7,MOD((ROW(G53)-5),7)) -> 0 | H53: =OFFSET('1课程考核方式及成绩组成'!$AD$10,(ROW(H53)-5)/7,MOD((ROW(H53)-5),7)) -> 0 | I53: =OFFSET('1课程考核方式及成绩组成'!$AL$10,(ROW(I53)-5)/7,MOD((ROW(I53)-5),7)) -> 0 | J53: =IF('0信息维护'!$I$121=0,0,E53/('0信息维护'!$I$121)*'0信息维护'!$E$41*'0信息维护'!$S$31)+IF('0信息维护'!$I$122=0,0,F53/('0信息维护'!$I$122)*'0信息维护'!$E$41*'0信息维护'!$T$31)+IF('0信息维护'!$I$123=0,0,G53/('0信息维护'!$I$123)*'0信息维护'!$E$41*'0信息维护'!$U$31)+IF('0信息维护'!$I$124=0,0,H53/('0信息维护'!$I$124)*'0信息维护'!$E$41*'0信息维护'!$T$31)+IF('0信息维护'!$I$125=0,0,I53/'0信息维护'!$I$125*'0信息维护'!$I$41) -> 0
A54: 8 | B54: =OFFSET('1课程考核方式及成绩组成'!$D$10,(ROW(B54)-5)/7,) -> 190301004 | C54: =OFFSET('1课程考核方式及成绩组成'!$E$10,(ROW(C54)-5)/7,) -> 王华鹏 | D54: ='0信息维护'!A$25 -> 课程目标1 | E54: =OFFSET('1课程考核方式及成绩组成'!$F$10,(ROW(E54)-5)/7,MOD((ROW(E54)-5),7)) -> 0 | F54: =OFFSET('1课程考核方式及成绩组成'!$N$10,(ROW(F54)-5)/7,MOD((ROW(F54)-5),7)) -> 0 | G54: =OFFSET('1课程考核方式及成绩组成'!$V$10,(ROW(G54)-5)/7,MOD((ROW(G54)-5),7)) -> 0 | H54: =OFFSET('1课程考核方式及成绩组成'!$AD$10,(ROW(H54)-5)/7,MOD((ROW(H54)-5),7)) -> 0 | I54: =OFFSET('1课程考核方式及成绩组成'!$AL$10,(ROW(I54)-5)/7,MOD((ROW(I54)-5),7)) -> 18 | J54: =IF('0信息维护'!$I$85=0,0,E54/('0信息维护'!$I$85)*'0信息维护'!$E$35*'0信息维护'!$S$25)+IF('0信息维护'!$I$86=0,0,F54/('0信息维护'!$I$86)*'0信息维护'!$E$35*'0信息维护'!$T$25)+IF('0信息维护'!$I$87=0,0,G54/('0信息维护'!$I$87)*'0信息维护'!$E$35*'0信息维护'!$U$25)+IF('0信息维护'!$I$88=0,0,H54/('0信息维护'!$I$88)*'0信息维护'!$E$35*'0信息维护'!$V$25)+IF('0信息维护'!$I$89=0,0,I54/'0信息维护'!$I$89*'0信息维护'!$I$35) -> 0.25 | K54: =J54*'0信息维护'!$D$132+J55*'0信息维护'!$D$133+J56*'0信息维护'!$D$134+J57*'0信息维护'!$D$135+J58*'0信息维护'!$D$136+J59*'0信息维护'!$D$137+J60*'0信息维护'!$D$138 -> 0.16632353
D55: ='0信息维护'!A$26 -> 课程目标2 | E55: =OFFSET('1课程考核方式及成绩组成'!$F$10,(ROW(E55)-5)/7,MOD((ROW(E55)-5),7)) -> 0 | F55: =OFFSET('1课程考核方式及成绩组成'!$N$10,(ROW(F55)-5)/7,MOD((ROW(F55)-5),7)) -> 0 | G55: =OFFSET('1课程考核方式及成绩组成'!$V$10,(ROW(G55)-5)/7,MOD((ROW(G55)-5),7)) -> 0 | H55: =OFFSET('1课程考核方式及成绩组成'!$AD$10,(ROW(H55)-5)/7,MOD((ROW(H55)-5),7)) -> 0 | I55: =OFFSET('1课程考核方式及成绩组成'!$AL$10,(ROW(I55)-5)/7,MOD((ROW(I55)-5),7)) -> 14 | J55: =IF('0信息维护'!$I$91=0,0,E55/('0信息维护'!$I$91)*'0信息维护'!$S$26*'0信息维护'!$E$36)+IF('0信息维护'!$I$92=0,0,F55/('0信息维护'!$I$92)*'0信息维护'!$T$26*'0信息维护'!$E$36)+IF('0信息维护'!$I$93=0,0,G55/('0信息维护'!$I$93)*'0信息维护'!$U$26*'0信息维护'!$E$36)+IF('0信息维护'!$I$94=0,0,H55/('0信息维护'!$I$94)*'0信息维护'!$V$26*'0信息维护'!$E$36)+IF('0信息维护'!$I$95=0,0,I55/'0信息维护'!$I$95*'0信息维护'!$I$36) -> 0.23333333
D56: ='0信息维护'!A$27 -> 课程目标3 | E56: =OFFSET('1课程考核方式及成绩组成'!$F$10,(ROW(E56)-5)/7,MOD((ROW(E56)-5),7)) -> 0 | F56: =OFFSET('1课程考核方式及成绩组成'!$N$10,(ROW(F56)-5)/7,MOD((ROW(F56)-5),7)) -> 0 | G56: =OFFSET('1课程考核方式及成绩组成'!$V$10,(ROW(G56)-5)/7,MOD((ROW(G56)-5),7)) -> 0 | H56: =OFFSET('1课程考核方式及成绩组成'!$AD$10,(ROW(H56)-5)/7,MOD((ROW(H56)-5),7)) -> 0 | I56: =OFFSET('1课程考核方式及成绩组成'!$AL$10,(ROW(I56)-5)/7,MOD((ROW(I56)-5),7)) -> 8 | J56: =IF('0信息维护'!$I$97=0,0,E56/('0信息维护'!$I$97)*'0信息维护'!$E$37*'0信息维护'!$S$27)+IF('0信息维护'!$I$98=0,0,F56/('0信息维护'!$I$98)*'0信息维护'!$E$37*'0信息维护'!$T$27)+IF('0信息维护'!$I$99=0,0,G56/('0信息维护'!$I$99)*'0信息维护'!$E$37*'0信息维护'!$U$27)+IF('0信息维护'!$I$100=0,0,H56/('0信息维护'!$I$100)*'0信息维护'!$E$37*'0信息维护'!$V$27)+IF('0信息维护'!$I$101=0,0,I56/'0信息维护'!$I$101*'0信息维护'!$I$37) -> 0.23529412
D57: ='0信息维护'!A$28 -> 课程目标4 | E57: =OFFSET('1课程考核方式及成绩组成'!$F$10,(ROW(E57)-5)/7,MOD((ROW(E57)-5),7)) -> 0 | F57: =OFFSET('1课程考核方式及成绩组成'!$N$10,(ROW(F57)-5)/7,MOD((ROW(F57)-5),7)) -> 0 | G57: =OFFSET('1课程考核方式及成绩组成'!$V$10,(ROW(G57)-5)/7,MOD((ROW(G57)-5),7)) -> 0 | H57: =OFFSET('1课程考核方式及成绩组成'!$AD$10,(ROW(H57)-5)/7,MOD((ROW(H57)-5),7)) -> 0 | I57: =OFFSET('1课程考核方式及成绩组成'!$AL$10,(ROW(I57)-5)/7,MOD((ROW(I57)-5),7)) -> 0 | J57: =IF('0信息维护'!$I$103=0,0,E57/('0信息维护'!$I$103)*'0信息维护'!$E$38*'0信息维护'!$S$28)+IF('0信息维护'!$I$104=0,0,F57/('0信息维护'!$I$104)*'0信息维护'!$E$38*'0信息维护'!$T$28)+IF('0信息维护'!$I$105=0,0,G57/('0信息维护'!$I$105)*'0信息维护'!$E$38*'0信息维护'!$U$28)+IF('0信息维护'!$I$106=0,0,H57/('0信息维护'!$I$106)*'0信息维护'!$E$38*'0信息维护'!$V$28)+IF('0信息维护'!$I$107=0,0,I57/'0信息维护'!$I$107*'0信息维护'!$I$38) -> 0
D58: ='0信息维护'!A$29 -> 课程目标5 | E58: =OFFSET('1课程考核方式及成绩组成'!$F$10,(ROW(E58)-5)/7,MOD((ROW(E58)-5),7)) -> 0 | F58: =OFFSET('1课程考核方式及成绩组成'!$N$10,(ROW(F58)-5)/7,MOD((ROW(F58)-5),7)) -> 0 | G58: =OFFSET('1课程考核方式及成绩组成'!$V$10,(ROW(G58)-5)/7,MOD((ROW(G58)-5),7)) -> 0 | H58: =OFFSET('1课程考核方式及成绩组成'!$AD$10,(ROW(H58)-5)/7,MOD((ROW(H58)-5),7)) -> 0 | I58: =OFFSET('1课程考核方式及成绩组成'!$AL$10,(ROW(I58)-5)/7,MOD((ROW(I58)-5),7)) -> 0 | J58: =IF('0信息维护'!$I$109=0,0,E58/('0信息维护'!$I$109)*'0信息维护'!$E$39*'0信息维护'!$S$29)+IF('0信息维护'!$I$110=0,0,F58/('0信息维护'!$I$110)*'0信息维护'!$E$39*'0信息维护'!$T$29)+IF('0信息维护'!$I$111=0,0,G58/('0信息维护'!$I$111)*'0信息维护'!$E$39*'0信息维护'!$U$29)+IF('0信息维护'!$I$112=0,0,H58/('0信息维护'!$I$112)*'0信息维护'!$E$39*'0信息维护'!$V$29)+IF('0信息维护'!$I$113=0,0,I58/'0信息维护'!$I$113*'0信息维护'!$I$39) -> 0
D59: ='0信息维护'!A$30 -> 课程目标6 | E59: =OFFSET('1课程考核方式及成绩组成'!$F$10,(ROW(E59)-5)/7,MOD((ROW(E59)-5),7)) -> 0 | F59: =OFFSET('1课程考核方式及成绩组成'!$N$10,(ROW(F59)-5)/7,MOD((ROW(F59)-5),7)) -> 0 | G59: =OFFSET('1课程考核方式及成绩组成'!$V$10,(ROW(G59)-5)/7,MOD((ROW(G59)-5),7)) -> 0 | H59: =OFFSET('1课程考核方式及成绩组成'!$AD$10,(ROW(H59)-5)/7,MOD((ROW(H59)-5),7)) -> 0 | I59: =OFFSET('1课程考核方式及成绩组成'!$AL$10,(ROW(I59)-5)/7,MOD((ROW(I59)-5),7)) -> 0 | J59: =IF('0信息维护'!$I$115=0,0,E59/('0信息维护'!$I$115)*'0信息维护'!$E$40*'0信息维护'!$S$30)+IF('0信息维护'!$I$116=0,0,F59/('0信息维护'!$I$116)*'0信息维护'!$E$40*'0信息维护'!$T$30)+IF('0信息维护'!$I$117=0,0,G59/('0信息维护'!$I$117)*'0信息维护'!$E$40*'0信息维护'!$U$30)+IF('0信息维护'!$I$118=0,0,H59/('0信息维护'!$I$118)*'0信息维护'!$E$40*'0信息维护'!$V$30)+IF('0信息维护'!$I$119=0,0,I59/'0信息维护'!$I$119*'0信息维护'!$I$40) -> 0
D60: ='0信息维护'!A$31 -> 课程目标7 | E60: =OFFSET('1课程考核方式及成绩组成'!$F$10,(ROW(E60)-5)/7,MOD((ROW(E60)-5),7)) -> 0 | F60: =OFFSET('1课程考核方式及成绩组成'!$N$10,(ROW(F60)-5)/7,MOD((ROW(F60)-5),7)) -> 0 | G60: =OFFSET('1课程考核方式及成绩组成'!$V$10,(ROW(G60)-5)/7,MOD((ROW(G60)-5),7)) -> 0 | H60: =OFFSET('1课程考核方式及成绩组成'!$AD$10,(ROW(H60)-5)/7,MOD((ROW(H60)-5),7)) -> 0 | I60: =OFFSET('1课程考核方式及成绩组成'!$AL$10,(ROW(I60)-5)/7,MOD((ROW(I60)-5),7)) -> 0 | J60: =IF('0信息维护'!$I$121=0,0,E60/('0信息维护'!$I$121)*'0信息维护'!$E$41*'0信息维护'!$S$31)+IF('0信息维护'!$I$122=0,0,F60/('0信息维护'!$I$122)*'0信息维护'!$E$41*'0信息维护'!$T$31)+IF('0信息维护'!$I$123=0,0,G60/('0信息维护'!$I$123)*'0信息维护'!$E$41*'0信息维护'!$U$31)+IF('0信息维护'!$I$124=0,0,H60/('0信息维护'!$I$124)*'0信息维护'!$E$41*'0信息维护'!$T$31)+IF('0信息维护'!$I$125=0,0,I60/'0信息维护'!$I$125*'0信息维护'!$I$41) -> 0
A61: 9 | B61: =OFFSET('1课程考核方式及成绩组成'!$D$10,(ROW(B61)-5)/7,) -> 190301005 | C61: =OFFSET('1课程考核方式及成绩组成'!$E$10,(ROW(C61)-5)/7,) -> 袁竹 | D61: ='0信息维护'!A$25 -> 课程目标1 | E61: =OFFSET('1课程考核方式及成绩组成'!$F$10,(ROW(E61)-5)/7,MOD((ROW(E61)-5),7)) -> 40 | F61: =OFFSET('1课程考核方式及成绩组成'!$N$10,(ROW(F61)-5)/7,MOD((ROW(F61)-5),7)) -> 0 | G61: =OFFSET('1课程考核方式及成绩组成'!$V$10,(ROW(G61)-5)/7,MOD((ROW(G61)-5),7)) -> 0 | H61: =OFFSET('1课程考核方式及成绩组成'!$AD$10,(ROW(H61)-5)/7,MOD((ROW(H61)-5),7)) -> 0 | I61: =OFFSET('1课程考核方式及成绩组成'!$AL$10,(ROW(I61)-5)/7,MOD((ROW(I61)-5),7)) -> 28 | J61: =IF('0信息维护'!$I$85=0,0,E61/('0信息维护'!$I$85)*'0信息维护'!$E$35*'0信息维护'!$S$25)+IF('0信息维护'!$I$86=0,0,F61/('0信息维护'!$I$86)*'0信息维护'!$E$35*'0信息维护'!$T$25)+IF('0信息维护'!$I$87=0,0,G61/('0信息维护'!$I$87)*'0信息维护'!$E$35*'0信息维护'!$U$25)+IF('0信息维护'!$I$88=0,0,H61/('0信息维护'!$I$88)*'0信息维护'!$E$35*'0信息维护'!$V$25)+IF('0信息维护'!$I$89=0,0,I61/'0信息维护'!$I$89*'0信息维护'!$I$35) -> 0.88888889 | K61: =J61*'0信息维护'!$D$132+J62*'0信息维护'!$D$133+J63*'0信息维护'!$D$134+J64*'0信息维护'!$D$135+J65*'0信息维护'!$D$136+J66*'0信息维护'!$D$137+J67*'0信息维护'!$D$138 -> 0.77803922
D62: ='0信息维护'!A$26 -> 课程目标2 | E62: =OFFSET('1课程考核方式及成绩组成'!$F$10,(ROW(E62)-5)/7,MOD((ROW(E62)-5),7)) -> 60 | F62: =OFFSET('1课程考核方式及成绩组成'!$N$10,(ROW(F62)-5)/7,MOD((ROW(F62)-5),7)) -> 0 | G62: =OFFSET('1课程考核方式及成绩组成'!$V$10,(ROW(G62)-5)/7,MOD((ROW(G62)-5),7)) -> 0 | H62: =OFFSET('1课程考核方式及成绩组成'!$AD$10,(ROW(H62)-5)/7,MOD((ROW(H62)-5),7)) -> 0 | I62: =OFFSET('1课程考核方式及成绩组成'!$AL$10,(ROW(I62)-5)/7,MOD((ROW(I62)-5),7)) -> 20 | J62: =IF('0信息维护'!$I$91=0,0,E62/('0信息维护'!$I$91)*'0信息维护'!$S$26*'0信息维护'!$E$36)+IF('0信息维护'!$I$92=0,0,F62/('0信息维护'!$I$92)*'0信息维护'!$T$26*'0信息维护'!$E$36)+IF('0信息维护'!$I$93=0,0,G62/('0信息维护'!$I$93)*'0信息维护'!$U$26*'0信息维护'!$E$36)+IF('0信息维护'!$I$94=0,0,H62/('0信息维护'!$I$94)*'0信息维护'!$V$26*'0信息维护'!$E$36)+IF('0信息维护'!$I$95=0,0,I62/'0信息维护'!$I$95*'0信息维护'!$I$36) -> 0.83333333
D63: ='0信息维护'!A$27 -> 课程目标3 | E63: =OFFSET('1课程考核方式及成绩组成'!$F$10,(ROW(E63)-5)/7,MOD((ROW(E63)-5),7)) -> 0 | F63: =OFFSET('1课程考核方式及成绩组成'!$N$10,(ROW(F63)-5)/7,MOD((ROW(F63)-5),7)) -> 0 | G63: =OFFSET('1课程考核方式及成绩组成'!$V$10,(ROW(G63)-5)/7,MOD((ROW(G63)-5),7)) -> 0 | H63: =OFFSET('1课程考核方式及成绩组成'!$AD$10,(ROW(H63)-5)/7,MOD((ROW(H63)-5),7)) -> 0 | I63: =OFFSET('1课程考核方式及成绩组成'!$AL$10,(ROW(I63)-5)/7,MOD((ROW(I63)-5),7)) -> 19 | J63: =IF('0信息维护'!$I$97=0,0,E63/('0信息维护'!$I$97)*'0信息维护'!$E$37*'0信息维护'!$S$27)+IF('0信息维护'!$I$98=0,0,F63/('0信息维护'!$I$98)*'0信息维护'!$E$37*'0信息维护'!$T$27)+IF('0信息维护'!$I$99=0,0,G63/('0信息维护'!$I$99)*'0信息维护'!$E$37*'0信息维护'!$U$27)+IF('0信息维护'!$I$100=0,0,H63/('0信息维护'!$I$100)*'0信息维护'!$E$37*'0信息维护'!$V$27)+IF('0信息维护'!$I$101=0,0,I63/'0信息维护'!$I$101*'0信息维护'!$I$37) -> 0.55882353
D64: ='0信息维护'!A$28 -> 课程目标4 | E64: =OFFSET('1课程考核方式及成绩组成'!$F$10,(ROW(E64)-5)/7,MOD((ROW(E64)-5),7)) -> 0 | F64: =OFFSET('1课程考核方式及成绩组成'!$N$10,(ROW(F64)-5)/7,MOD((ROW(F64)-5),7)) -> 85 | G64: =OFFSET('1课程考核方式及成绩组成'!$V$10,(ROW(G64)-5)/7,MOD((ROW(G64)-5),7)) -> 0 | H64: =OFFSET('1课程考核方式及成绩组成'!$AD$10,(ROW(H64)-5)/7,MOD((ROW(H64)-5),7)) -> 0 | I64: =OFFSET('1课程考核方式及成绩组成'!$AL$10,(ROW(I64)-5)/7,MOD((ROW(I64)-5),7)) -> 0 | J64: =IF('0信息维护'!$I$103=0,0,E64/('0信息维护'!$I$103)*'0信息维护'!$E$38*'0信息维护'!$S$28)+IF('0信息维护'!$I$104=0,0,F64/('0信息维护'!$I$104)*'0信息维护'!$E$38*'0信息维护'!$T$28)+IF('0信息维护'!$I$105=0,0,G64/('0信息维护'!$I$105)*'0信息维护'!$E$38*'0信息维护'!$U$28)+IF('0信息维护'!$I$106=0,0,H64/('0信息维护'!$I$106)*'0信息维护'!$E$38*'0信息维护'!$V$28)+IF('0信息维护'!$I$107=0,0,I64/'0信息维护'!$I$107*'0信息维护'!$I$38) -> 0.85
D65: ='0信息维护'!A$29 -> 课程目标5 | E65: =OFFSET('1课程考核方式及成绩组成'!$F$10,(ROW(E65)-5)/7,MOD((ROW(E65)-5),7)) -> 0 | F65: =OFFSET('1课程考核方式及成绩组成'!$N$10,(ROW(F65)-5)/7,MOD((ROW(F65)-5),7)) -> 0 | G65: =OFFSET('1课程考核方式及成绩组成'!$V$10,(ROW(G65)-5)/7,MOD((ROW(G65)-5),7)) -> 0 | H65: =OFFSET('1课程考核方式及成绩组成'!$AD$10,(ROW(H65)-5)/7,MOD((ROW(H65)-5),7)) -> 0 | I65: =OFFSET('1课程考核方式及成绩组成'!$AL$10,(ROW(I65)-5)/7,MOD((ROW(I65)-5),7)) -> 0 | J65: =IF('0信息维护'!$I$109=0,0,E65/('0信息维护'!$I$109)*'0信息维护'!$E$39*'0信息维护'!$S$29)+IF('0信息维护'!$I$110=0,0,F65/('0信息维护'!$I$110)*'0信息维护'!$E$39*'0信息维护'!$T$29)+IF('0信息维护'!$I$111=0,0,G65/('0信息维护'!$I$111)*'0信息维护'!$E$39*'0信息维护'!$U$29)+IF('0信息维护'!$I$112=0,0,H65/('0信息维护'!$I$112)*'0信息维护'!$E$39*'0信息维护'!$V$29)+IF('0信息维护'!$I$113=0,0,I65/'0信息维护'!$I$113*'0信息维护'!$I$39) -> 0
D66: ='0信息维护'!A$30 -> 课程目标6 | E66: =OFFSET('1课程考核方式及成绩组成'!$F$10,(ROW(E66)-5)/7,MOD((ROW(E66)-5),7)) -> 0 | F66: =OFFSET('1课程考核方式及成绩组成'!$N$10,(ROW(F66)-5)/7,MOD((ROW(F66)-5),7)) -> 0 | G66: =OFFSET('1课程考核方式及成绩组成'!$V$10,(ROW(G66)-5)/7,MOD((ROW(G66)-5),7)) -> 0 | H66: =OFFSET('1课程考核方式及成绩组成'!$AD$10,(ROW(H66)-5)/7,MOD((ROW(H66)-5),7)) -> 0 | I66: =OFFSET('1课程考核方式及成绩组成'!$AL$10,(ROW(I66)-5)/7,MOD((ROW(I66)-5),7)) -> 0 | J66: =IF('0信息维护'!$I$115=0,0,E66/('0信息维护'!$I$115)*'0信息维护'!$E$40*'0信息维护'!$S$30)+IF('0信息维护'!$I$116=0,0,F66/('0信息维护'!$I$116)*'0信息维护'!$E$40*'0信息维护'!$T$30)+IF('0信息维护'!$I$117=0,0,G66/('0信息维护'!$I$117)*'0信息维护'!$E$40*'0信息维护'!$U$30)+IF('0信息维护'!$I$118=0,0,H66/('0信息维护'!$I$118)*'0信息维护'!$E$40*'0信息维护'!$V$30)+IF('0信息维护'!$I$119=0,0,I66/'0信息维护'!$I$119*'0信息维护'!$I$40) -> 0
D67: ='0信息维护'!A$31 -> 课程目标7 | E67: =OFFSET('1课程考核方式及成绩组成'!$F$10,(ROW(E67)-5)/7,MOD((ROW(E67)-5),7)) -> 0 | F67: =OFFSET('1课程考核方式及成绩组成'!$N$10,(ROW(F67)-5)/7,MOD((ROW(F67)-5),7)) -> 0 | G67: =OFFSET('1课程考核方式及成绩组成'!$V$10,(ROW(G67)-5)/7,MOD((ROW(G67)-5),7)) -> 0 | H67: =OFFSET('1课程考核方式及成绩组成'!$AD$10,(ROW(H67)-5)/7,MOD((ROW(H67)-5),7)) -> 0 | I67: =OFFSET('1课程考核方式及成绩组成'!$AL$10,(ROW(I67)-5)/7,MOD((ROW(I67)-5),7)) -> 0 | J67: =IF('0信息维护'!$I$121=0,0,E67/('0信息维护'!$I$121)*'0信息维护'!$E$41*'0信息维护'!$S$31)+IF('0信息维护'!$I$122=0,0,F67/('0信息维护'!$I$122)*'0信息维护'!$E$41*'0信息维护'!$T$31)+IF('0信息维护'!$I$123=0,0,G67/('0信息维护'!$I$123)*'0信息维护'!$E$41*'0信息维护'!$U$31)+IF('0信息维护'!$I$124=0,0,H67/('0信息维护'!$I$124)*'0信息维护'!$E$41*'0信息维护'!$T$31)+IF('0信息维护'!$I$125=0,0,I67/'0信息维护'!$I$125*'0信息维护'!$I$41) -> 0
A68: 10 | B68: =OFFSET('1课程考核方式及成绩组成'!$D$10,(ROW(B68)-5)/7,) -> 190301006 | C68: =OFFSET('1课程考核方式及成绩组成'!$E$10,(ROW(C68)-5)/7,) -> 苟晨雨 | D68: ='0信息维护'!A$25 -> 课程目标1 | E68: =OFFSET('1课程考核方式及成绩组成'!$F$10,(ROW(E68)-5)/7,MOD((ROW(E68)-5),7)) -> 35 | F68: =OFFSET('1课程考核方式及成绩组成'!$N$10,(ROW(F68)-5)/7,MOD((ROW(F68)-5),7)) -> 0 | G68: =OFFSET('1课程考核方式及成绩组成'!$V$10,(ROW(G68)-5)/7,MOD((ROW(G68)-5),7)) -> 0 | H68: =OFFSET('1课程考核方式及成绩组成'!$AD$10,(ROW(H68)-5)/7,MOD((ROW(H68)-5),7)) -> 0 | I68: =OFFSET('1课程考核方式及成绩组成'!$AL$10,(ROW(I68)-5)/7,MOD((ROW(I68)-5),7)) -> 30 | J68: =IF('0信息维护'!$I$85=0,0,E68/('0信息维护'!$I$85)*'0信息维护'!$E$35*'0信息维护'!$S$25)+IF('0信息维护'!$I$86=0,0,F68/('0信息维护'!$I$86)*'0信息维护'!$E$35*'0信息维护'!$T$25)+IF('0信息维护'!$I$87=0,0,G68/('0信息维护'!$I$87)*'0信息维护'!$E$35*'0信息维护'!$U$25)+IF('0信息维护'!$I$88=0,0,H68/('0信息维护'!$I$88)*'0信息维护'!$E$35*'0信息维护'!$V$25)+IF('0信息维护'!$I$89=0,0,I68/'0信息维护'!$I$89*'0信息维护'!$I$35) -> 0.85416667 | K68: =J68*'0信息维护'!$D$132+J69*'0信息维护'!$D$133+J70*'0信息维护'!$D$134+J71*'0信息维护'!$D$135+J72*'0信息维护'!$D$136+J73*'0信息维护'!$D$137+J74*'0信息维护'!$D$138 -> 0.75433088
D69: ='0信息维护'!A$26 -> 课程目标2 | E69: =OFFSET('1课程考核方式及成绩组成'!$F$10,(ROW(E69)-5)/7,MOD((ROW(E69)-5),7)) -> 55 | F69: =OFFSET('1课程考核方式及成绩组成'!$N$10,(ROW(F69)-5)/7,MOD((ROW(F69)-5),7)) -> 0 | G69: =OFFSET('1课程考核方式及成绩组成'!$V$10,(ROW(G69)-5)/7,MOD((ROW(G69)-5),7)) -> 0 | H69: =OFFSET('1课程考核方式及成绩组成'!$AD$10,(ROW(H69)-5)/7,MOD((ROW(H69)-5),7)) -> 0 | I69: =OFFSET('1课程考核方式及成绩组成'!$AL$10,(ROW(I69)-5)/7,MOD((ROW(I69)-5),7)) -> 20 | J69: =IF('0信息维护'!$I$91=0,0,E69/('0信息维护'!$I$91)*'0信息维护'!$S$26*'0信息维护'!$E$36)+IF('0信息维护'!$I$92=0,0,F69/('0信息维护'!$I$92)*'0信息维护'!$T$26*'0信息维护'!$E$36)+IF('0信息维护'!$I$93=0,0,G69/('0信息维护'!$I$93)*'0信息维护'!$U$26*'0信息维护'!$E$36)+IF('0信息维护'!$I$94=0,0,H69/('0信息维护'!$I$94)*'0信息维护'!$V$26*'0信息维护'!$E$36)+IF('0信息维护'!$I$95=0,0,I69/'0信息维护'!$I$95*'0信息维护'!$I$36) -> 0.79166667
D70: ='0信息维护'!A$27 -> 课程目标3 | E70: =OFFSET('1课程考核方式及成绩组成'!$F$10,(ROW(E70)-5)/7,MOD((ROW(E70)-5),7)) -> 0 | F70: =OFFSET('1课程考核方式及成绩组成'!$N$10,(ROW(F70)-5)/7,MOD((ROW(F70)-5),7)) -> 0 | G70: =OFFSET('1课程考核方式及成绩组成'!$V$10,(ROW(G70)-5)/7,MOD((ROW(G70)-5),7)) -> 0 | H70: =OFFSET('1课程考核方式及成绩组成'!$AD$10,(ROW(H70)-5)/7,MOD((ROW(H70)-5),7)) -> 0 | I70: =OFFSET('1课程考核方式及成绩组成'!$AL$10,(ROW(I70)-5)/7,MOD((ROW(I70)-5),7)) -> 19 | J70: =IF('0信息维护'!$I$97=0,0,E70/('0信息维护'!$I$97)*'0信息维护'!$E$37*'0信息维护'!$S$27)+IF('0信息维护'!$I$98=0,0,F70/('0信息维护'!$I$98)*'0信息维护'!$E$37*'0信息维护'!$T$27)+IF('0信息维护'!$I$99=0,0,G70/('0信息维护'!$I$99)*'0信息维护'!$E$37*'0信息维护'!$U$27)+IF('0信息维护'!$I$100=0,0,H70/('0信息维护'!$I$100)*'0信息维护'!$E$37*'0信息维护'!$V$27)+IF('0信息维护'!$I$101=0,0,I70/'0信息维护'!$I$101*'0信息维护'!$I$37) -> 0.55882353
D71: ='0信息维护'!A$28 -> 课程目标4 | E71: =OFFSET('1课程考核方式及成绩组成'!$F$10,(ROW(E71)-5)/7,MOD((ROW(E71)-5),7)) -> 0 | F71: =OFFSET('1课程考核方式及成绩组成'!$N$10,(ROW(F71)-5)/7,MOD((ROW(F71)-5),7)) -> 83 | G71: =OFFSET('1课程考核方式及成绩组成'!$V$10,(ROW(G71)-5)/7,MOD((ROW(G71)-5),7)) -> 0 | H71: =OFFSET('1课程考核方式及成绩组成'!$AD$10,(ROW(H71)-5)/7,MOD((ROW(H71)-5),7)) -> 0 | I71: =OFFSET('1课程考核方式及成绩组成'!$AL$10,(ROW(I71)-5)/7,MOD((ROW(I71)-5),7)) -> 0 | J71: =IF('0信息维护'!$I$103=0,0,E71/('0信息维护'!$I$103)*'0信息维护'!$E$38*'0信息维护'!$S$28)+IF('0信息维护'!$I$104=0,0,F71/('0信息维护'!$I$104)*'0信息维护'!$E$38*'0信息维护'!$T$28)+IF('0信息维护'!$I$105=0,0,G71/('0信息维护'!$I$105)*'0信息维护'!$E$38*'0信息维护'!$U$28)+IF('0信息维护'!$I$106=0,0,H71/('0信息维护'!$I$106)*'0信息维护'!$E$38*'0信息维护'!$V$28)+IF('0信息维护'!$I$107=0,0,I71/'0信息维护'!$I$107*'0信息维护'!$I$38) -> 0.83
D72: ='0信息维护'!A$29 -> 课程目标5 | E72: =OFFSET('1课程考核方式及成绩组成'!$F$10,(ROW(E72)-5)/7,MOD((ROW(E72)-5),7)) -> 0 | F72: =OFFSET('1课程考核方式及成绩组成'!$N$10,(ROW(F72)-5)/7,MOD((ROW(F72)-5),7)) -> 0 | G72: =OFFSET('1课程考核方式及成绩组成'!$V$10,(ROW(G72)-5)/7,MOD((ROW(G72)-5),7)) -> 0 | H72: =OFFSET('1课程考核方式及成绩组成'!$AD$10,(ROW(H72)-5)/7,MOD((ROW(H72)-5),7)) -> 0 | I72: =OFFSET('1课程考核方式及成绩组成'!$AL$10,(ROW(I72)-5)/7,MOD((ROW(I72)-5),7)) -> 0 | J72: =IF('0信息维护'!$I$109=0,0,E72/('0信息维护'!$I$109)*'0信息维护'!$E$39*'0信息维护'!$S$29)+IF('0信息维护'!$I$110=0,0,F72/('0信息维护'!$I$110)*'0信息维护'!$E$39*'0信息维护'!$T$29)+IF('0信息维护'!$I$111=0,0,G72/('0信息维护'!$I$111)*'0信息维护'!$E$39*'0信息维护'!$U$29)+IF('0信息维护'!$I$112=0,0,H72/('0信息维护'!$I$112)*'0信息维护'!$E$39*'0信息维护'!$V$29)+IF('0信息维护'!$I$113=0,0,I72/'0信息维护'!$I$113*'0信息维护'!$I$39) -> 0
D73: ='0信息维护'!A$30 -> 课程目标6 | E73: =OFFSET('1课程考核方式及成绩组成'!$F$10,(ROW(E73)-5)/7,MOD((ROW(E73)-5),7)) -> 0 | F73: =OFFSET('1课程考核方式及成绩组成'!$N$10,(ROW(F73)-5)/7,MOD((ROW(F73)-5),7)) -> 0 | G73: =OFFSET('1课程考核方式及成绩组成'!$V$10,(ROW(G73)-5)/7,MOD((ROW(G73)-5),7)) -> 0 | H73: =OFFSET('1课程考核方式及成绩组成'!$AD$10,(ROW(H73)-5)/7,MOD((ROW(H73)-5),7)) -> 0 | I73: =OFFSET('1课程考核方式及成绩组成'!$AL$10,(ROW(I73)-5)/7,MOD((ROW(I73)-5),7)) -> 0 | J73: =IF('0信息维护'!$I$115=0,0,E73/('0信息维护'!$I$115)*'0信息维护'!$E$40*'0信息维护'!$S$30)+IF('0信息维护'!$I$116=0,0,F73/('0信息维护'!$I$116)*'0信息维护'!$E$40*'0信息维护'!$T$30)+IF('0信息维护'!$I$117=0,0,G73/('0信息维护'!$I$117)*'0信息维护'!$E$40*'0信息维护'!$U$30)+IF('0信息维护'!$I$118=0,0,H73/('0信息维护'!$I$118)*'0信息维护'!$E$40*'0信息维护'!$V$30)+IF('0信息维护'!$I$119=0,0,I73/'0信息维护'!$I$119*'0信息维护'!$I$40) -> 0
D74: ='0信息维护'!A$31 -> 课程目标7 | E74: =OFFSET('1课程考核方式及成绩组成'!$F$10,(ROW(E74)-5)/7,MOD((ROW(E74)-5),7)) -> 0 | F74: =OFFSET('1课程考核方式及成绩组成'!$N$10,(ROW(F74)-5)/7,MOD((ROW(F74)-5),7)) -> 0 | G74: =OFFSET('1课程考核方式及成绩组成'!$V$10,(ROW(G74)-5)/7,MOD((ROW(G74)-5),7)) -> 0 | H74: =OFFSET('1课程考核方式及成绩组成'!$AD$10,(ROW(H74)-5)/7,MOD((ROW(H74)-5),7)) -> 0 | I74: =OFFSET('1课程考核方式及成绩组成'!$AL$10,(ROW(I74)-5)/7,MOD((ROW(I74)-5),7)) -> 0 | J74: =IF('0信息维护'!$I$121=0,0,E74/('0信息维护'!$I$121)*'0信息维护'!$E$41*'0信息维护'!$S$31)+IF('0信息维护'!$I$122=0,0,F74/('0信息维护'!$I$122)*'0信息维护'!$E$41*'0信息维护'!$T$31)+IF('0信息维护'!$I$123=0,0,G74/('0信息维护'!$I$123)*'0信息维护'!$E$41*'0信息维护'!$U$31)+IF('0信息维护'!$I$124=0,0,H74/('0信息维护'!$I$124)*'0信息维护'!$E$41*'0信息维护'!$T$31)+IF('0信息维护'!$I$125=0,0,I74/'0信息维护'!$I$125*'0信息维护'!$I$41) -> 0
A75: 11 | B75: =OFFSET('1课程考核方式及成绩组成'!$D$10,(ROW(B75)-5)/7,) -> 190301007 | C75: =OFFSET('1课程考核方式及成绩组成'!$E$10,(ROW(C75)-5)/7,) -> 夏婧姣 | D75: ='0信息维护'!A$25 -> 课程目标1 | E75: =OFFSET('1课程考核方式及成绩组成'!$F$10,(ROW(E75)-5)/7,MOD((ROW(E75)-5),7)) -> 35 | F75: =OFFSET('1课程考核方式及成绩组成'!$N$10,(ROW(F75)-5)/7,MOD((ROW(F75)-5),7)) -> 0 | G75: =OFFSET('1课程考核方式及成绩组成'!$V$10,(ROW(G75)-5)/7,MOD((ROW(G75)-5),7)) -> 0 | H75: =OFFSET('1课程考核方式及成绩组成'!$AD$10,(ROW(H75)-5)/7,MOD((ROW(H75)-5),7)) -> 0 | I75: =OFFSET('1课程考核方式及成绩组成'!$AL$10,(ROW(I75)-5)/7,MOD((ROW(I75)-5),7)) -> 16 | J75: =IF('0信息维护'!$I$85=0,0,E75/('0信息维护'!$I$85)*'0信息维护'!$E$35*'0信息维护'!$S$25)+IF('0信息维护'!$I$86=0,0,F75/('0信息维护'!$I$86)*'0信息维护'!$E$35*'0信息维护'!$T$25)+IF('0信息维护'!$I$87=0,0,G75/('0信息维护'!$I$87)*'0信息维护'!$E$35*'0信息维护'!$U$25)+IF('0信息维护'!$I$88=0,0,H75/('0信息维护'!$I$88)*'0信息维护'!$E$35*'0信息维护'!$V$25)+IF('0信息维护'!$I$89=0,0,I75/'0信息维护'!$I$89*'0信息维护'!$I$35) -> 0.65972222 | K75: =J75*'0信息维护'!$D$132+J76*'0信息维护'!$D$133+J77*'0信息维护'!$D$134+J78*'0信息维护'!$D$135+J79*'0信息维护'!$D$136+J80*'0信息维护'!$D$137+J81*'0信息维护'!$D$138 -> 0.59498775
D76: ='0信息维护'!A$26 -> 课程目标2 | E76: =OFFSET('1课程考核方式及成绩组成'!$F$10,(ROW(E76)-5)/7,MOD((ROW(E76)-5),7)) -> 45 | F76: =OFFSET('1课程考核方式及成绩组成'!$N$10,(ROW(F76)-5)/7,MOD((ROW(F76)-5),7)) -> 0 | G76: =OFFSET('1课程考核方式及成绩组成'!$V$10,(ROW(G76)-5)/7,MOD((ROW(G76)-5),7)) -> 0 | H76: =OFFSET('1课程考核方式及成绩组成'!$AD$10,(ROW(H76)-5)/7,MOD((ROW(H76)-5),7)) -> 0 | I76: =OFFSET('1课程考核方式及成绩组成'!$AL$10,(ROW(I76)-5)/7,MOD((ROW(I76)-5),7)) -> 17 | J76: =IF('0信息维护'!$I$91=0,0,E76/('0信息维护'!$I$91)*'0信息维护'!$S$26*'0信息维护'!$E$36)+IF('0信息维护'!$I$92=0,0,F76/('0信息维护'!$I$92)*'0信息维护'!$T$26*'0信息维护'!$E$36)+IF('0信息维护'!$I$93=0,0,G76/('0信息维护'!$I$93)*'0信息维护'!$U$26*'0信息维护'!$E$36)+IF('0信息维护'!$I$94=0,0,H76/('0信息维护'!$I$94)*'0信息维护'!$V$26*'0信息维护'!$E$36)+IF('0信息维护'!$I$95=0,0,I76/'0信息维护'!$I$95*'0信息维护'!$I$36) -> 0.65833333
D77: ='0信息维护'!A$27 -> 课程目标3 | E77: =OFFSET('1课程考核方式及成绩组成'!$F$10,(ROW(E77)-5)/7,MOD((ROW(E77)-5),7)) -> 0 | F77: =OFFSET('1课程考核方式及成绩组成'!$N$10,(ROW(F77)-5)/7,MOD((ROW(F77)-5),7)) -> 0 | G77: =OFFSET('1课程考核方式及成绩组成'!$V$10,(ROW(G77)-5)/7,MOD((ROW(G77)-5),7)) -> 0 | H77: =OFFSET('1课程考核方式及成绩组成'!$AD$10,(ROW(H77)-5)/7,MOD((ROW(H77)-5),7)) -> 0 | I77: =OFFSET('1课程考核方式及成绩组成'!$AL$10,(ROW(I77)-5)/7,MOD((ROW(I77)-5),7)) -> 10 | J77: =IF('0信息维护'!$I$97=0,0,E77/('0信息维护'!$I$97)*'0信息维护'!$E$37*'0信息维护'!$S$27)+IF('0信息维护'!$I$98=0,0,F77/('0信息维护'!$I$98)*'0信息维护'!$E$37*'0信息维护'!$T$27)+IF('0信息维护'!$I$99=0,0,G77/('0信息维护'!$I$99)*'0信息维护'!$E$37*'0信息维护'!$U$27)+IF('0信息维护'!$I$100=0,0,H77/('0信息维护'!$I$100)*'0信息维护'!$E$37*'0信息维护'!$V$27)+IF('0信息维护'!$I$101=0,0,I77/'0信息维护'!$I$101*'0信息维护'!$I$37) -> 0.29411765
D78: ='0信息维护'!A$28 -> 课程目标4 | E78: =OFFSET('1课程考核方式及成绩组成'!$F$10,(ROW(E78)-5)/7,MOD((ROW(E78)-5),7)) -> 0 | F78: =OFFSET('1课程考核方式及成绩组成'!$N$10,(ROW(F78)-5)/7,MOD((ROW(F78)-5),7)) -> 75 | G78: =OFFSET('1课程考核方式及成绩组成'!$V$10,(ROW(G78)-5)/7,MOD((ROW(G78)-5),7)) -> 0 | H78: =OFFSET('1课程考核方式及成绩组成'!$AD$10,(ROW(H78)-5)/7,MOD((ROW(H78)-5),7)) -> 0 | I78: =OFFSET('1课程考核方式及成绩组成'!$AL$10,(ROW(I78)-5)/7,MOD((ROW(I78)-5),7)) -> 0 | J78: =IF('0信息维护'!$I$103=0,0,E78/('0信息维护'!$I$103)*'0信息维护'!$E$38*'0信息维护'!$S$28)+IF('0信息维护'!$I$104=0,0,F78/('0信息维护'!$I$104)*'0信息维护'!$E$38*'0信息维护'!$T$28)+IF('0信息维护'!$I$105=0,0,G78/('0信息维护'!$I$105)*'0信息维护'!$E$38*'0信息维护'!$U$28)+IF('0信息维护'!$I$106=0,0,H78/('0信息维护'!$I$106)*'0信息维护'!$E$38*'0信息维护'!$V$28)+IF('0信息维护'!$I$107=0,0,I78/'0信息维护'!$I$107*'0信息维护'!$I$38) -> 0.75
D79: ='0信息维护'!A$29 -> 课程目标5 | E79: =OFFSET('1课程考核方式及成绩组成'!$F$10,(ROW(E79)-5)/7,MOD((ROW(E79)-5),7)) -> 0 | F79: =OFFSET('1课程考核方式及成绩组成'!$N$10,(ROW(F79)-5)/7,MOD((ROW(F79)-5),7)) -> 0 | G79: =OFFSET('1课程考核方式及成绩组成'!$V$10,(ROW(G79)-5)/7,MOD((ROW(G79)-5),7)) -> 0 | H79: =OFFSET('1课程考核方式及成绩组成'!$AD$10,(ROW(H79)-5)/7,MOD((ROW(H79)-5),7)) -> 0 | I79: =OFFSET('1课程考核方式及成绩组成'!$AL$10,(ROW(I79)-5)/7,MOD((ROW(I79)-5),7)) -> 0 | J79: =IF('0信息维护'!$I$109=0,0,E79/('0信息维护'!$I$109)*'0信息维护'!$E$39*'0信息维护'!$S$29)+IF('0信息维护'!$I$110=0,0,F79/('0信息维护'!$I$110)*'0信息维护'!$E$39*'0信息维护'!$T$29)+IF('0信息维护'!$I$111=0,0,G79/('0信息维护'!$I$111)*'0信息维护'!$E$39*'0信息维护'!$U$29)+IF('0信息维护'!$I$112=0,0,H79/('0信息维护'!$I$112)*'0信息维护'!$E$39*'0信息维护'!$V$29)+IF('0信息维护'!$I$113=0,0,I79/'0信息维护'!$I$113*'0信息维护'!$I$39) -> 0
D80: ='0信息维护'!A$30 -> 课程目标6 | E80: =OFFSET('1课程考核方式及成绩组成'!$F$10,(ROW(E80)-5)/7,MOD((ROW(E80)-5),7)) -> 0 | F80: =OFFSET('1课程考核方式及成绩组成'!$N$10,(ROW(F80)-5)/7,MOD((ROW(F80)-5),7)) -> 0 | G80: =OFFSET('1课程考核方式及成绩组成'!$V$10,(ROW(G80)-5)/7,MOD((ROW(G80)-5),7)) -> 0 | H80: =OFFSET('1课程考核方式及成绩组成'!$AD$10,(ROW(H80)-5)/7,MOD((ROW(H80)-5),7)) -> 0 | I80: =OFFSET('1课程考核方式及成绩组成'!$AL$10,(ROW(I80)-5)/7,MOD((ROW(I80)-5),7)) -> 0 | J80: =IF('0信息维护'!$I$115=0,0,E80/('0信息维护'!$I$115)*'0信息维护'!$E$40*'0信息维护'!$S$30)+IF('0信息维护'!$I$116=0,0,F80/('0信息维护'!$I$116)*'0信息维护'!$E$40*'0信息维护'!$T$30)+IF('0信息维护'!$I$117=0,0,G80/('0信息维护'!$I$117)*'0信息维护'!$E$40*'0信息维护'!$U$30)+IF('0信息维护'!$I$118=0,0,H80/('0信息维护'!$I$118)*'0信息维护'!$E$40*'0信息维护'!$V$30)+IF('0信息维护'!$I$119=0,0,I80/'0信息维护'!$I$119*'0信息维护'!$I$40) -> 0
D81: ='0信息维护'!A$31 -> 课程目标7 | E81: =OFFSET('1课程考核方式及成绩组成'!$F$10,(ROW(E81)-5)/7,MOD((ROW(E81)-5),7)) -> 0 | F81: =OFFSET('1课程考核方式及成绩组成'!$N$10,(ROW(F81)-5)/7,MOD((ROW(F81)-5),7)) -> 0 | G81: =OFFSET('1课程考核方式及成绩组成'!$V$10,(ROW(G81)-5)/7,MOD((ROW(G81)-5),7)) -> 0 | H81: =OFFSET('1课程考核方式及成绩组成'!$AD$10,(ROW(H81)-5)/7,MOD((ROW(H81)-5),7)) -> 0 | I81: =OFFSET('1课程考核方式及成绩组成'!$AL$10,(ROW(I81)-5)/7,MOD((ROW(I81)-5),7)) -> 0 | J81: =IF('0信息维护'!$I$121=0,0,E81/('0信息维护'!$I$121)*'0信息维护'!$E$41*'0信息维护'!$S$31)+IF('0信息维护'!$I$122=0,0,F81/('0信息维护'!$I$122)*'0信息维护'!$E$41*'0信息维护'!$T$31)+IF('0信息维护'!$I$123=0,0,G81/('0信息维护'!$I$123)*'0信息维护'!$E$41*'0信息维护'!$U$31)+IF('0信息维护'!$I$124=0,0,H81/('0信息维护'!$I$124)*'0信息维护'!$E$41*'0信息维护'!$T$31)+IF('0信息维护'!$I$125=0,0,I81/'0信息维护'!$I$125*'0信息维护'!$I$41) -> 0
A82: 12 | B82: =OFFSET('1课程考核方式及成绩组成'!$D$10,(ROW(B82)-5)/7,) -> 190301008 | C82: =OFFSET('1课程考核方式及成绩组成'!$E$10,(ROW(C82)-5)/7,) -> 王思皓 | D82: ='0信息维护'!A$25 -> 课程目标1 | E82: =OFFSET('1课程考核方式及成绩组成'!$F$10,(ROW(E82)-5)/7,MOD((ROW(E82)-5),7)) -> 35 | F82: =OFFSET('1课程考核方式及成绩组成'!$N$10,(ROW(F82)-5)/7,MOD((ROW(F82)-5),7)) -> 0 | G82: =OFFSET('1课程考核方式及成绩组成'!$V$10,(ROW(G82)-5)/7,MOD((ROW(G82)-5),7)) -> 0 | H82: =OFFSET('1课程考核方式及成绩组成'!$AD$10,(ROW(H82)-5)/7,MOD((ROW(H82)-5),7)) -> 0 | I82: =OFFSET('1课程考核方式及成绩组成'!$AL$10,(ROW(I82)-5)/7,MOD((ROW(I82)-5),7)) -> 22 | J82: =IF('0信息维护'!$I$85=0,0,E82/('0信息维护'!$I$85)*'0信息维护'!$E$35*'0信息维护'!$S$25)+IF('0信息维护'!$I$86=0,0,F82/('0信息维护'!$I$86)*'0信息维护'!$E$35*'0信息维护'!$T$25)+IF('0信息维护'!$I$87=0,0,G82/('0信息维护'!$I$87)*'0信息维护'!$E$35*'0信息维护'!$U$25)+IF('0信息维护'!$I$88=0,0,H82/('0信息维护'!$I$88)*'0信息维护'!$E$35*'0信息维护'!$V$25)+IF('0信息维护'!$I$89=0,0,I82/'0信息维护'!$I$89*'0信息维护'!$I$35) -> 0.74305556 | K82: =J82*'0信息维护'!$D$132+J83*'0信息维护'!$D$133+J84*'0信息维护'!$D$134+J85*'0信息维护'!$D$135+J86*'0信息维护'!$D$136+J87*'0信息维护'!$D$137+J88*'0信息维护'!$D$138 -> 0.53748775
D83: ='0信息维护'!A$26 -> 课程目标2 | E83: =OFFSET('1课程考核方式及成绩组成'!$F$10,(ROW(E83)-5)/7,MOD((ROW(E83)-5),7)) -> 45 | F83: =OFFSET('1课程考核方式及成绩组成'!$N$10,(ROW(F83)-5)/7,MOD((ROW(F83)-5),7)) -> 0 | G83: =OFFSET('1课程考核方式及成绩组成'!$V$10,(ROW(G83)-5)/7,MOD((ROW(G83)-5),7)) -> 0 | H83: =OFFSET('1课程考核方式及成绩组成'!$AD$10,(ROW(H83)-5)/7,MOD((ROW(H83)-5),7)) -> 0 | I83: =OFFSET('1课程考核方式及成绩组成'!$AL$10,(ROW(I83)-5)/7,MOD((ROW(I83)-5),7)) -> 6 | J83: =IF('0信息维护'!$I$91=0,0,E83/('0信息维护'!$I$91)*'0信息维护'!$S$26*'0信息维护'!$E$36)+IF('0信息维护'!$I$92=0,0,F83/('0信息维护'!$I$92)*'0信息维护'!$T$26*'0信息维护'!$E$36)+IF('0信息维护'!$I$93=0,0,G83/('0信息维护'!$I$93)*'0信息维护'!$U$26*'0信息维护'!$E$36)+IF('0信息维护'!$I$94=0,0,H83/('0信息维护'!$I$94)*'0信息维护'!$V$26*'0信息维护'!$E$36)+IF('0信息维护'!$I$95=0,0,I83/'0信息维护'!$I$95*'0信息维护'!$I$36) -> 0.475
D84: ='0信息维护'!A$27 -> 课程目标3 | E84: =OFFSET('1课程考核方式及成绩组成'!$F$10,(ROW(E84)-5)/7,MOD((ROW(E84)-5),7)) -> 0 | F84: =OFFSET('1课程考核方式及成绩组成'!$N$10,(ROW(F84)-5)/7,MOD((ROW(F84)-5),7)) -> 0 | G84: =OFFSET('1课程考核方式及成绩组成'!$V$10,(ROW(G84)-5)/7,MOD((ROW(G84)-5),7)) -> 0 | H84: =OFFSET('1课程考核方式及成绩组成'!$AD$10,(ROW(H84)-5)/7,MOD((ROW(H84)-5),7)) -> 0 | I84: =OFFSET('1课程考核方式及成绩组成'!$AL$10,(ROW(I84)-5)/7,MOD((ROW(I84)-5),7)) -> 10 | J84: =IF('0信息维护'!$I$97=0,0,E84/('0信息维护'!$I$97)*'0信息维护'!$E$37*'0信息维护'!$S$27)+IF('0信息维护'!$I$98=0,0,F84/('0信息维护'!$I$98)*'0信息维护'!$E$37*'0信息维护'!$T$27)+IF('0信息维护'!$I$99=0,0,G84/('0信息维护'!$I$99)*'0信息维护'!$E$37*'0信息维护'!$U$27)+IF('0信息维护'!$I$100=0,0,H84/('0信息维护'!$I$100)*'0信息维护'!$E$37*'0信息维护'!$V$27)+IF('0信息维护'!$I$101=0,0,I84/'0信息维护'!$I$101*'0信息维护'!$I$37) -> 0.29411765
D85: ='0信息维护'!A$28 -> 课程目标4 | E85: =OFFSET('1课程考核方式及成绩组成'!$F$10,(ROW(E85)-5)/7,MOD((ROW(E85)-5),7)) -> 0 | F85: =OFFSET('1课程考核方式及成绩组成'!$N$10,(ROW(F85)-5)/7,MOD((ROW(F85)-5),7)) -> 70 | G85: =OFFSET('1课程考核方式及成绩组成'!$V$10,(ROW(G85)-5)/7,MOD((ROW(G85)-5),7)) -> 0 | H85: =OFFSET('1课程考核方式及成绩组成'!$AD$10,(ROW(H85)-5)/7,MOD((ROW(H85)-5),7)) -> 0 | I85: =OFFSET('1课程考核方式及成绩组成'!$AL$10,(ROW(I85)-5)/7,MOD((ROW(I85)-5),7)) -> 0 | J85: =IF('0信息维护'!$I$103=0,0,E85/('0信息维护'!$I$103)*'0信息维护'!$E$38*'0信息维护'!$S$28)+IF('0信息维护'!$I$104=0,0,F85/('0信息维护'!$I$104)*'0信息维护'!$E$38*'0信息维护'!$T$28)+IF('0信息维护'!$I$105=0,0,G85/('0信息维护'!$I$105)*'0信息维护'!$E$38*'0信息维护'!$U$28)+IF('0信息维护'!$I$106=0,0,H85/('0信息维护'!$I$106)*'0信息维护'!$E$38*'0信息维护'!$V$28)+IF('0信息维护'!$I$107=0,0,I85/'0信息维护'!$I$107*'0信息维护'!$I$38) -> 0.7
D86: ='0信息维护'!A$29 -> 课程目标5 | E86: =OFFSET('1课程考核方式及成绩组成'!$F$10,(ROW(E86)-5)/7,MOD((ROW(E86)-5),7)) -> 0 | F86: =OFFSET('1课程考核方式及成绩组成'!$N$10,(ROW(F86)-5)/7,MOD((ROW(F86)-5),7)) -> 0 | G86: =OFFSET('1课程考核方式及成绩组成'!$V$10,(ROW(G86)-5)/7,MOD((ROW(G86)-5),7)) -> 0 | H86: =OFFSET('1课程考核方式及成绩组成'!$AD$10,(ROW(H86)-5)/7,MOD((ROW(H86)-5),7)) -> 0 | I86: =OFFSET('1课程考核方式及成绩组成'!$AL$10,(ROW(I86)-5)/7,MOD((ROW(I86)-5),7)) -> 0 | J86: =IF('0信息维护'!$I$109=0,0,E86/('0信息维护'!$I$109)*'0信息维护'!$E$39*'0信息维护'!$S$29)+IF('0信息维护'!$I$110=0,0,F86/('0信息维护'!$I$110)*'0信息维护'!$E$39*'0信息维护'!$T$29)+IF('0信息维护'!$I$111=0,0,G86/('0信息维护'!$I$111)*'0信息维护'!$E$39*'0信息维护'!$U$29)+IF('0信息维护'!$I$112=0,0,H86/('0信息维护'!$I$112)*'0信息维护'!$E$39*'0信息维护'!$V$29)+IF('0信息维护'!$I$113=0,0,I86/'0信息维护'!$I$113*'0信息维护'!$I$39) -> 0
D87: ='0信息维护'!A$30 -> 课程目标6 | E87: =OFFSET('1课程考核方式及成绩组成'!$F$10,(ROW(E87)-5)/7,MOD((ROW(E87)-5),7)) -> 0 | F87: =OFFSET('1课程考核方式及成绩组成'!$N$10,(ROW(F87)-5)/7,MOD((ROW(F87)-5),7)) -> 0 | G87: =OFFSET('1课程考核方式及成绩组成'!$V$10,(ROW(G87)-5)/7,MOD((ROW(G87)-5),7)) -> 0 | H87: =OFFSET('1课程考核方式及成绩组成'!$AD$10,(ROW(H87)-5)/7,MOD((ROW(H87)-5),7)) -> 0 | I87: =OFFSET('1课程考核方式及成绩组成'!$AL$10,(ROW(I87)-5)/7,MOD((ROW(I87)-5),7)) -> 0 | J87: =IF('0信息维护'!$I$115=0,0,E87/('0信息维护'!$I$115)*'0信息维护'!$E$40*'0信息维护'!$S$30)+IF('0信息维护'!$I$116=0,0,F87/('0信息维护'!$I$116)*'0信息维护'!$E$40*'0信息维护'!$T$30)+IF('0信息维护'!$I$117=0,0,G87/('0信息维护'!$I$117)*'0信息维护'!$E$40*'0信息维护'!$U$30)+IF('0信息维护'!$I$118=0,0,H87/('0信息维护'!$I$118)*'0信息维护'!$E$40*'0信息维护'!$V$30)+IF('0信息维护'!$I$119=0,0,I87/'0信息维护'!$I$119*'0信息维护'!$I$40) -> 0
D88: ='0信息维护'!A$31 -> 课程目标7 | E88: =OFFSET('1课程考核方式及成绩组成'!$F$10,(ROW(E88)-5)/7,MOD((ROW(E88)-5),7)) -> 0 | F88: =OFFSET('1课程考核方式及成绩组成'!$N$10,(ROW(F88)-5)/7,MOD((ROW(F88)-5),7)) -> 0 | G88: =OFFSET('1课程考核方式及成绩组成'!$V$10,(ROW(G88)-5)/7,MOD((ROW(G88)-5),7)) -> 0 | H88: =OFFSET('1课程考核方式及成绩组成'!$AD$10,(ROW(H88)-5)/7,MOD((ROW(H88)-5),7)) -> 0 | I88: =OFFSET('1课程考核方式及成绩组成'!$AL$10,(ROW(I88)-5)/7,MOD((ROW(I88)-5),7)) -> 0 | J88: =IF('0信息维护'!$I$121=0,0,E88/('0信息维护'!$I$121)*'0信息维护'!$E$41*'0信息维护'!$S$31)+IF('0信息维护'!$I$122=0,0,F88/('0信息维护'!$I$122)*'0信息维护'!$E$41*'0信息维护'!$T$31)+IF('0信息维护'!$I$123=0,0,G88/('0信息维护'!$I$123)*'0信息维护'!$E$41*'0信息维护'!$U$31)+IF('0信息维护'!$I$124=0,0,H88/('0信息维护'!$I$124)*'0信息维护'!$E$41*'0信息维护'!$T$31)+IF('0信息维护'!$I$125=0,0,I88/'0信息维护'!$I$125*'0信息维护'!$I$41) -> 0
A89: 13 | B89: =OFFSET('1课程考核方式及成绩组成'!$D$10,(ROW(B89)-5)/7,) -> 190301009 | C89: =OFFSET('1课程考核方式及成绩组成'!$E$10,(ROW(C89)-5)/7,) -> 刘丹 | D89: ='0信息维护'!A$25 -> 课程目标1 | E89: =OFFSET('1课程考核方式及成绩组成'!$F$10,(ROW(E89)-5)/7,MOD((ROW(E89)-5),7)) -> 35 | F89: =OFFSET('1课程考核方式及成绩组成'!$N$10,(ROW(F89)-5)/7,MOD((ROW(F89)-5),7)) -> 0 | G89: =OFFSET('1课程考核方式及成绩组成'!$V$10,(ROW(G89)-5)/7,MOD((ROW(G89)-5),7)) -> 0 | H89: =OFFSET('1课程考核方式及成绩组成'!$AD$10,(ROW(H89)-5)/7,MOD((ROW(H89)-5),7)) -> 0 | I89: =OFFSET('1课程考核方式及成绩组成'!$AL$10,(ROW(I89)-5)/7,MOD((ROW(I89)-5),7)) -> 24 | J89: =IF('0信息维护'!$I$85=0,0,E89/('0信息维护'!$I$85)*'0信息维护'!$E$35*'0信息维护'!$S$25)+IF('0信息维护'!$I$86=0,0,F89/('0信息维护'!$I$86)*'0信息维护'!$E$35*'0信息维护'!$T$25)+IF('0信息维护'!$I$87=0,0,G89/('0信息维护'!$I$87)*'0信息维护'!$E$35*'0信息维护'!$U$25)+IF('0信息维护'!$I$88=0,0,H89/('0信息维护'!$I$88)*'0信息维护'!$E$35*'0信息维护'!$V$25)+IF('0信息维护'!$I$89=0,0,I89/'0信息维护'!$I$89*'0信息维护'!$I$35) -> 0.77083333 | K89: =J89*'0信息维护'!$D$132+J90*'0信息维护'!$D$133+J91*'0信息维护'!$D$134+J92*'0信息维护'!$D$135+J93*'0信息维护'!$D$136+J94*'0信息维护'!$D$137+J95*'0信息维护'!$D$138 -> 0.65941912
D90: ='0信息维护'!A$26 -> 课程目标2 | E90: =OFFSET('1课程考核方式及成绩组成'!$F$10,(ROW(E90)-5)/7,MOD((ROW(E90)-5),7)) -> 55 | F90: =OFFSET('1课程考核方式及成绩组成'!$N$10,(ROW(F90)-5)/7,MOD((ROW(F90)-5),7)) -> 0 | G90: =OFFSET('1课程考核方式及成绩组成'!$V$10,(ROW(G90)-5)/7,MOD((ROW(G90)-5),7)) -> 0 | H90: =OFFSET('1课程考核方式及成绩组成'!$AD$10,(ROW(H90)-5)/7,MOD((ROW(H90)-5),7)) -> 0 | I90: =OFFSET('1课程考核方式及成绩组成'!$AL$10,(ROW(I90)-5)/7,MOD((ROW(I90)-5),7)) -> 19 | J90: =IF('0信息维护'!$I$91=0,0,E90/('0信息维护'!$I$91)*'0信息维护'!$S$26*'0信息维护'!$E$36)+IF('0信息维护'!$I$92=0,0,F90/('0信息维护'!$I$92)*'0信息维护'!$T$26*'0信息维护'!$E$36)+IF('0信息维护'!$I$93=0,0,G90/('0信息维护'!$I$93)*'0信息维护'!$U$26*'0信息维护'!$E$36)+IF('0信息维护'!$I$94=0,0,H90/('0信息维护'!$I$94)*'0信息维护'!$V$26*'0信息维护'!$E$36)+IF('0信息维护'!$I$95=0,0,I90/'0信息维护'!$I$95*'0信息维护'!$I$36) -> 0.775
D91: ='0信息维护'!A$27 -> 课程目标3 | E91: =OFFSET('1课程考核方式及成绩组成'!$F$10,(ROW(E91)-5)/7,MOD((ROW(E91)-5),7)) -> 0 | F91: =OFFSET('1课程考核方式及成绩组成'!$N$10,(ROW(F91)-5)/7,MOD((ROW(F91)-5),7)) -> 0 | G91: =OFFSET('1课程考核方式及成绩组成'!$V$10,(ROW(G91)-5)/7,MOD((ROW(G91)-5),7)) -> 0 | H91: =OFFSET('1课程考核方式及成绩组成'!$AD$10,(ROW(H91)-5)/7,MOD((ROW(H91)-5),7)) -> 0 | I91: =OFFSET('1课程考核方式及成绩组成'!$AL$10,(ROW(I91)-5)/7,MOD((ROW(I91)-5),7)) -> 15 | J91: =IF('0信息维护'!$I$97=0,0,E91/('0信息维护'!$I$97)*'0信息维护'!$E$37*'0信息维护'!$S$27)+IF('0信息维护'!$I$98=0,0,F91/('0信息维护'!$I$98)*'0信息维护'!$E$37*'0信息维护'!$T$27)+IF('0信息维护'!$I$99=0,0,G91/('0信息维护'!$I$99)*'0信息维护'!$E$37*'0信息维护'!$U$27)+IF('0信息维护'!$I$100=0,0,H91/('0信息维护'!$I$100)*'0信息维护'!$E$37*'0信息维护'!$V$27)+IF('0信息维护'!$I$101=0,0,I91/'0信息维护'!$I$101*'0信息维护'!$I$37) -> 0.44117647
D92: ='0信息维护'!A$28 -> 课程目标4 | E92: =OFFSET('1课程考核方式及成绩组成'!$F$10,(ROW(E92)-5)/7,MOD((ROW(E92)-5),7)) -> 0 | F92: =OFFSET('1课程考核方式及成绩组成'!$N$10,(ROW(F92)-5)/7,MOD((ROW(F92)-5),7)) -> 67 | G92: =OFFSET('1课程考核方式及成绩组成'!$V$10,(ROW(G92)-5)/7,MOD((ROW(G92)-5),7)) -> 0 | H92: =OFFSET('1课程考核方式及成绩组成'!$AD$10,(ROW(H92)-5)/7,MOD((ROW(H92)-5),7)) -> 0 | I92: =OFFSET('1课程考核方式及成绩组成'!$AL$10,(ROW(I92)-5)/7,MOD((ROW(I92)-5),7)) -> 0 | J92: =IF('0信息维护'!$I$103=0,0,E92/('0信息维护'!$I$103)*'0信息维护'!$E$38*'0信息维护'!$S$28)+IF('0信息维护'!$I$104=0,0,F92/('0信息维护'!$I$104)*'0信息维护'!$E$38*'0信息维护'!$T$28)+IF('0信息维护'!$I$105=0,0,G92/('0信息维护'!$I$105)*'0信息维护'!$E$38*'0信息维护'!$U$28)+IF('0信息维护'!$I$106=0,0,H92/('0信息维护'!$I$106)*'0信息维护'!$E$38*'0信息维护'!$V$28)+IF('0信息维护'!$I$107=0,0,I92/'0信息维护'!$I$107*'0信息维护'!$I$38) -> 0.67
D93: ='0信息维护'!A$29 -> 课程目标5 | E93: =OFFSET('1课程考核方式及成绩组成'!$F$10,(ROW(E93)-5)/7,MOD((ROW(E93)-5),7)) -> 0 | F93: =OFFSET('1课程考核方式及成绩组成'!$N$10,(ROW(F93)-5)/7,MOD((ROW(F93)-5),7)) -> 0 | G93: =OFFSET('1课程考核方式及成绩组成'!$V$10,(ROW(G93)-5)/7,MOD((ROW(G93)-5),7)) -> 0 | H93: =OFFSET('1课程考核方式及成绩组成'!$AD$10,(ROW(H93)-5)/7,MOD((ROW(H93)-5),7)) -> 0 | I93: =OFFSET('1课程考核方式及成绩组成'!$AL$10,(ROW(I93)-5)/7,MOD((ROW(I93)-5),7)) -> 0 | J93: =IF('0信息维护'!$I$109=0,0,E93/('0信息维护'!$I$109)*'0信息维护'!$E$39*'0信息维护'!$S$29)+IF('0信息维护'!$I$110=0,0,F93/('0信息维护'!$I$110)*'0信息维护'!$E$39*'0信息维护'!$T$29)+IF('0信息维护'!$I$111=0,0,G93/('0信息维护'!$I$111)*'0信息维护'!$E$39*'0信息维护'!$U$29)+IF('0信息维护'!$I$112=0,0,H93/('0信息维护'!$I$112)*'0信息维护'!$E$39*'0信息维护'!$V$29)+IF('0信息维护'!$I$113=0,0,I93/'0信息维护'!$I$113*'0信息维护'!$I$39) -> 0
D94: ='0信息维护'!A$30 -> 课程目标6 | E94: =OFFSET('1课程考核方式及成绩组成'!$F$10,(ROW(E94)-5)/7,MOD((ROW(E94)-5),7)) -> 0 | F94: =OFFSET('1课程考核方式及成绩组成'!$N$10,(ROW(F94)-5)/7,MOD((ROW(F94)-5),7)) -> 0 | G94: =OFFSET('1课程考核方式及成绩组成'!$V$10,(ROW(G94)-5)/7,MOD((ROW(G94)-5),7)) -> 0 | H94: =OFFSET('1课程考核方式及成绩组成'!$AD$10,(ROW(H94)-5)/7,MOD((ROW(H94)-5),7)) -> 0 | I94: =OFFSET('1课程考核方式及成绩组成'!$AL$10,(ROW(I94)-5)/7,MOD((ROW(I94)-5),7)) -> 0 | J94: =IF('0信息维护'!$I$115=0,0,E94/('0信息维护'!$I$115)*'0信息维护'!$E$40*'0信息维护'!$S$30)+IF('0信息维护'!$I$116=0,0,F94/('0信息维护'!$I$116)*'0信息维护'!$E$40*'0信息维护'!$T$30)+IF('0信息维护'!$I$117=0,0,G94/('0信息维护'!$I$117)*'0信息维护'!$E$40*'0信息维护'!$U$30)+IF('0信息维护'!$I$118=0,0,H94/('0信息维护'!$I$118)*'0信息维护'!$E$40*'0信息维护'!$V$30)+IF('0信息维护'!$I$119=0,0,I94/'0信息维护'!$I$119*'0信息维护'!$I$40) -> 0
D95: ='0信息维护'!A$31 -> 课程目标7 | E95: =OFFSET('1课程考核方式及成绩组成'!$F$10,(ROW(E95)-5)/7,MOD((ROW(E95)-5),7)) -> 0 | F95: =OFFSET('1课程考核方式及成绩组成'!$N$10,(ROW(F95)-5)/7,MOD((ROW(F95)-5),7)) -> 0 | G95: =OFFSET('1课程考核方式及成绩组成'!$V$10,(ROW(G95)-5)/7,MOD((ROW(G95)-5),7)) -> 0 | H95: =OFFSET('1课程考核方式及成绩组成'!$AD$10,(ROW(H95)-5)/7,MOD((ROW(H95)-5),7)) -> 0 | I95: =OFFSET('1课程考核方式及成绩组成'!$AL$10,(ROW(I95)-5)/7,MOD((ROW(I95)-5),7)) -> 0 | J95: =IF('0信息维护'!$I$121=0,0,E95/('0信息维护'!$I$121)*'0信息维护'!$E$41*'0信息维护'!$S$31)+IF('0信息维护'!$I$122=0,0,F95/('0信息维护'!$I$122)*'0信息维护'!$E$41*'0信息维护'!$T$31)+IF('0信息维护'!$I$123=0,0,G95/('0信息维护'!$I$123)*'0信息维护'!$E$41*'0信息维护'!$U$31)+IF('0信息维护'!$I$124=0,0,H95/('0信息维护'!$I$124)*'0信息维护'!$E$41*'0信息维护'!$T$31)+IF('0信息维护'!$I$125=0,0,I95/'0信息维护'!$I$125*'0信息维护'!$I$41) -> 0
A96: 14 | B96: =OFFSET('1课程考核方式及成绩组成'!$D$10,(ROW(B96)-5)/7,) -> 190301010 | C96: =OFFSET('1课程考核方式及成绩组成'!$E$10,(ROW(C96)-5)/7,) -> 杨星 | D96: ='0信息维护'!A$25 -> 课程目标1 | E96: =OFFSET('1课程考核方式及成绩组成'!$F$10,(ROW(E96)-5)/7,MOD((ROW(E96)-5),7)) -> 40 | F96: =OFFSET('1课程考核方式及成绩组成'!$N$10,(ROW(F96)-5)/7,MOD((ROW(F96)-5),7)) -> 0 | G96: =OFFSET('1课程考核方式及成绩组成'!$V$10,(ROW(G96)-5)/7,MOD((ROW(G96)-5),7)) -> 0 | H96: =OFFSET('1课程考核方式及成绩组成'!$AD$10,(ROW(H96)-5)/7,MOD((ROW(H96)-5),7)) -> 0 | I96: =OFFSET('1课程考核方式及成绩组成'!$AL$10,(ROW(I96)-5)/7,MOD((ROW(I96)-5),7)) -> 28 | J96: =IF('0信息维护'!$I$85=0,0,E96/('0信息维护'!$I$85)*'0信息维护'!$E$35*'0信息维护'!$S$25)+IF('0信息维护'!$I$86=0,0,F96/('0信息维护'!$I$86)*'0信息维护'!$E$35*'0信息维护'!$T$25)+IF('0信息维护'!$I$87=0,0,G96/('0信息维护'!$I$87)*'0信息维护'!$E$35*'0信息维护'!$U$25)+IF('0信息维护'!$I$88=0,0,H96/('0信息维护'!$I$88)*'0信息维护'!$E$35*'0信息维护'!$V$25)+IF('0信息维护'!$I$89=0,0,I96/'0信息维护'!$I$89*'0信息维护'!$I$35) -> 0.88888889 | K96: =J96*'0信息维护'!$D$132+J97*'0信息维护'!$D$133+J98*'0信息维护'!$D$134+J99*'0信息维护'!$D$135+J100*'0信息维护'!$D$136+J101*'0信息维护'!$D$137+J102*'0信息维护'!$D$138 -> 0.77009804
D97: ='0信息维护'!A$26 -> 课程目标2 | E97: =OFFSET('1课程考核方式及成绩组成'!$F$10,(ROW(E97)-5)/7,MOD((ROW(E97)-5),7)) -> 60 | F97: =OFFSET('1课程考核方式及成绩组成'!$N$10,(ROW(F97)-5)/7,MOD((ROW(F97)-5),7)) -> 0 | G97: =OFFSET('1课程考核方式及成绩组成'!$V$10,(ROW(G97)-5)/7,MOD((ROW(G97)-5),7)) -> 0 | H97: =OFFSET('1课程考核方式及成绩组成'!$AD$10,(ROW(H97)-5)/7,MOD((ROW(H97)-5),7)) -> 0 | I97: =OFFSET('1课程考核方式及成绩组成'!$AL$10,(ROW(I97)-5)/7,MOD((ROW(I97)-5),7)) -> 23 | J97: =IF('0信息维护'!$I$91=0,0,E97/('0信息维护'!$I$91)*'0信息维护'!$S$26*'0信息维护'!$E$36)+IF('0信息维护'!$I$92=0,0,F97/('0信息维护'!$I$92)*'0信息维护'!$T$26*'0信息维护'!$E$36)+IF('0信息维护'!$I$93=0,0,G97/('0信息维护'!$I$93)*'0信息维护'!$U$26*'0信息维护'!$E$36)+IF('0信息维护'!$I$94=0,0,H97/('0信息维护'!$I$94)*'0信息维护'!$V$26*'0信息维护'!$E$36)+IF('0信息维护'!$I$95=0,0,I97/'0信息维护'!$I$95*'0信息维护'!$I$36) -> 0.88333333
D98: ='0信息维护'!A$27 -> 课程目标3 | E98: =OFFSET('1课程考核方式及成绩组成'!$F$10,(ROW(E98)-5)/7,MOD((ROW(E98)-5),7)) -> 0 | F98: =OFFSET('1课程考核方式及成绩组成'!$N$10,(ROW(F98)-5)/7,MOD((ROW(F98)-5),7)) -> 0 | G98: =OFFSET('1课程考核方式及成绩组成'!$V$10,(ROW(G98)-5)/7,MOD((ROW(G98)-5),7)) -> 0 | H98: =OFFSET('1课程考核方式及成绩组成'!$AD$10,(ROW(H98)-5)/7,MOD((ROW(H98)-5),7)) -> 0 | I98: =OFFSET('1课程考核方式及成绩组成'!$AL$10,(ROW(I98)-5)/7,MOD((ROW(I98)-5),7)) -> 22 | J98: =IF('0信息维护'!$I$97=0,0,E98/('0信息维护'!$I$97)*'0信息维护'!$E$37*'0信息维护'!$S$27)+IF('0信息维护'!$I$98=0,0,F98/('0信息维护'!$I$98)*'0信息维护'!$E$37*'0信息维护'!$T$27)+IF('0信息维护'!$I$99=0,0,G98/('0信息维护'!$I$99)*'0信息维护'!$E$37*'0信息维护'!$U$27)+IF('0信息维护'!$I$100=0,0,H98/('0信息维护'!$I$100)*'0信息维护'!$E$37*'0信息维护'!$V$27)+IF('0信息维护'!$I$101=0,0,I98/'0信息维护'!$I$101*'0信息维护'!$I$37) -> 0.64705882
D99: ='0信息维护'!A$28 -> 课程目标4 | E99: =OFFSET('1课程考核方式及成绩组成'!$F$10,(ROW(E99)-5)/7,MOD((ROW(E99)-5),7)) -> 0 | F99: =OFFSET('1课程考核方式及成绩组成'!$N$10,(ROW(F99)-5)/7,MOD((ROW(F99)-5),7)) -> 70 | G99: =OFFSET('1课程考核方式及成绩组成'!$V$10,(ROW(G99)-5)/7,MOD((ROW(G99)-5),7)) -> 0 | H99: =OFFSET('1课程考核方式及成绩组成'!$AD$10,(ROW(H99)-5)/7,MOD((ROW(H99)-5),7)) -> 0 | I99: =OFFSET('1课程考核方式及成绩组成'!$AL$10,(ROW(I99)-5)/7,MOD((ROW(I99)-5),7)) -> 0 | J99: =IF('0信息维护'!$I$103=0,0,E99/('0信息维护'!$I$103)*'0信息维护'!$E$38*'0信息维护'!$S$28)+IF('0信息维护'!$I$104=0,0,F99/('0信息维护'!$I$104)*'0信息维护'!$E$38*'0信息维护'!$T$28)+IF('0信息维护'!$I$105=0,0,G99/('0信息维护'!$I$105)*'0信息维护'!$E$38*'0信息维护'!$U$28)+IF('0信息维护'!$I$106=0,0,H99/('0信息维护'!$I$106)*'0信息维护'!$E$38*'0信息维护'!$V$28)+IF('0信息维护'!$I$107=0,0,I99/'0信息维护'!$I$107*'0信息维护'!$I$38) -> 0.7
D100: ='0信息维护'!A$29 -> 课程目标5 | E100: =OFFSET('1课程考核方式及成绩组成'!$F$10,(ROW(E100)-5)/7,MOD((ROW(E100)-5),7)) -> 0 | F100: =OFFSET('1课程考核方式及成绩组成'!$N$10,(ROW(F100)-5)/7,MOD((ROW(F100)-5),7)) -> 0 | G100: =OFFSET('1课程考核方式及成绩组成'!$V$10,(ROW(G100)-5)/7,MOD((ROW(G100)-5),7)) -> 0 | H100: =OFFSET('1课程考核方式及成绩组成'!$AD$10,(ROW(H100)-5)/7,MOD((ROW(H100)-5),7)) -> 0 | I100: =OFFSET('1课程考核方式及成绩组成'!$AL$10,(ROW(I100)-5)/7,MOD((ROW(I100)-5),7)) -> 0 | J100: =IF('0信息维护'!$I$109=0,0,E100/('0信息维护'!$I$109)*'0信息维护'!$E$39*'0信息维护'!$S$29)+IF('0信息维护'!$I$110=0,0,F100/('0信息维护'!$I$110)*'0信息维护'!$E$39*'0信息维护'!$T$29)+IF('0信息维护'!$I$111=0,0,G100/('0信息维护'!$I$111)*'0信息维护'!$E$39*'0信息维护'!$U$29)+IF('0信息维护'!$I$112=0,0,H100/('0信息维护'!$I$112)*'0信息维护'!$E$39*'0信息维护'!$V$29)+IF('0信息维护'!$I$113=0,0,I100/'0信息维护'!$I$113*'0信息维护'!$I$39) -> 0
D101: ='0信息维护'!A$30 -> 课程目标6 | E101: =OFFSET('1课程考核方式及成绩组成'!$F$10,(ROW(E101)-5)/7,MOD((ROW(E101)-5),7)) -> 0 | F101: =OFFSET('1课程考核方式及成绩组成'!$N$10,(ROW(F101)-5)/7,MOD((ROW(F101)-5),7)) -> 0 | G101: =OFFSET('1课程考核方式及成绩组成'!$V$10,(ROW(G101)-5)/7,MOD((ROW(G101)-5),7)) -> 0 | H101: =OFFSET('1课程考核方式及成绩组成'!$AD$10,(ROW(H101)-5)/7,MOD((ROW(H101)-5),7)) -> 0 | I101: =OFFSET('1课程考核方式及成绩组成'!$AL$10,(ROW(I101)-5)/7,MOD((ROW(I101)-5),7)) -> 0 | J101: =IF('0信息维护'!$I$115=0,0,E101/('0信息维护'!$I$115)*'0信息维护'!$E$40*'0信息维护'!$S$30)+IF('0信息维护'!$I$116=0,0,F101/('0信息维护'!$I$116)*'0信息维护'!$E$40*'0信息维护'!$T$30)+IF('0信息维护'!$I$117=0,0,G101/('0信息维护'!$I$117)*'0信息维护'!$E$40*'0信息维护'!$U$30)+IF('0信息维护'!$I$118=0,0,H101/('0信息维护'!$I$118)*'0信息维护'!$E$40*'0信息维护'!$V$30)+IF('0信息维护'!$I$119=0,0,I101/'0信息维护'!$I$119*'0信息维护'!$I$40) -> 0
...

Sheet 5绘图数据
A1: 序号 | B1: 学号 | C1: 平均达 成度 姓名 | D1: 目标1 | E1: 目标2 | F1: 目标3 | G1: 目标4 | H1: 目标5 | I1: 目标6 | J1: 目标7 | K1: 总目标 | M1: 目标1 | N1: 目标2 | O1: 目标3 | P1: 目标4 | Q1: 目标5 | R1: 目标6 | S1: 目标7 | T1: 总目标 | V1: 期望值
D2: =SUM(D3:D143)/'0信息维护'!$M$6 -> 0.82047872 | E2: =SUM(E3:E143)/'0信息维护'!$M$6 -> 0.77990544 | F2: =SUM(F3:F143)/'0信息维护'!$M$6 -> 0.5598665 | G2: =SUM(G3:G143)/'0信息维护'!$M$6 -> 0.78801418 | H2: =SUM(H3:H12)/'0信息维护'!$M$6 -> 0 | I2: =SUM(I3:I12)/'0信息维护'!$M$6 -> 0 | J2: =SUM(J3:J12)/'0信息维护'!$M$6 -> 0 | K2: =SUM(K3:K140)/'0信息维护'!$M$6 -> 0.71858731 | M2: 平均达成度
A3: 0 | B3: ='1课程考核方式及成绩组成'!D10 -> 180202041 | C3: ='1课程考核方式及成绩组成'!E10 -> 林振杨 | D3: =OFFSET('4学生课程目标达成度'!J$5,(ROW(D3)-3)*7,) -> 0.76388889 | E3: =OFFSET('4学生课程目标达成度'!J$6,(ROW(E3)-3)*7,) -> 0.75 | F3: =OFFSET('4学生课程目标达成度'!J$7,(ROW(F3)-3)*7,) -> 0.41176471 | G3: =OFFSET('4学生课程目标达成度'!J$8,(ROW(G3)-3)*7,) -> 0.73 | H3: =OFFSET('4学生课程目标达成度'!J$9,(ROW(H3)-3)*7,) -> 0 | I3: =OFFSET('4学生课程目标达成度'!J$10,(ROW(I3)-3)*7,) -> 0 | J3: =OFFSET('4学生课程目标达成度'!J$11,(ROW(J3)-3)*7,) -> 0 | K3: =OFFSET('4学生课程目标达成度'!K$5,(ROW(K3)-3)*7,) -> 0.66152451 | M3: =$D$2 -> 0.82047872 | N3: =$E$2 -> 0.77990544 | O3: =$F$2 -> 0.5598665 | P3: =$G$2 -> 0.78801418 | Q3: =$H$2 -> 0 | R3: =$I$2 -> 0 | S3: =$J$2 -> 0 | T3: =$K$2 -> 0.71858731 | V3: 0.65
A4: 1 | B4: ='1课程考核方式及成绩组成'!D11 -> 180301007 | C4: ='1课程考核方式及成绩组成'!E11 -> 刘彪 | D4: =OFFSET('4学生课程目标达成度'!J$5,(ROW(D4)-3)*7,) -> 0.91666667 | E4: =OFFSET('4学生课程目标达成度'!J$6,(ROW(E4)-3)*7,) -> 0.9 | F4: =OFFSET('4学生课程目标达成度'!J$7,(ROW(F4)-3)*7,) -> 0.55882353 | G4: =OFFSET('4学生课程目标达成度'!J$8,(ROW(G4)-3)*7,) -> 0.83 | H4: =OFFSET('4学生课程目标达成度'!J$9,(ROW(H4)-3)*7,) -> 0 | I4: =OFFSET('4学生课程目标达成度'!J$10,(ROW(I4)-3)*7,) -> 0 | J4: =OFFSET('4学生课程目标达成度'!J$11,(ROW(J4)-3)*7,) -> 0 | K4: =OFFSET('4学生课程目标达成度'!K$5,(ROW(K4)-3)*7,) -> 0.79620588 | M4: =$D$2 -> 0.82047872 | N4: =$E$2 -> 0.77990544 | O4: =$F$2 -> 0.5598665 | P4: =$G$2 -> 0.78801418 | Q4: =$H$2 -> 0 | R4: =$I$2 -> 0 | S4: =$J$2 -> 0 | T4: =$K$2 -> 0.71858731 | V4: 0.65 | X4: 课程目标1 | Y4: ='3课程达成度分析报告'!T51 -> 0.8464539 | Z4: 0.65
A5: 2 | B5: ='1课程考核方式及成绩组成'!D12 -> 180301010 | C5: ='1课程考核方式及成绩组成'!E12 -> 童祉昂 | D5: =OFFSET('4学生课程目标达成度'!J$5,(ROW(D5)-3)*7,) -> 0.97222222 | E5: =OFFSET('4学生课程目标达成度'!J$6,(ROW(E5)-3)*7,) -> 0.91666667 | F5: =OFFSET('4学生课程目标达成度'!J$7,(ROW(F5)-3)*7,) -> 0.55882353 | G5: =OFFSET('4学生课程目标达成度'!J$8,(ROW(G5)-3)*7,) -> 0.6 | H5: =OFFSET('4学生课程目标达成度'!J$9,(ROW(H5)-3)*7,) -> 0 | I5: =OFFSET('4学生课程目标达成度'!J$10,(ROW(I5)-3)*7,) -> 0 | J5: =OFFSET('4学生课程目标达成度'!J$11,(ROW(J5)-3)*7,) -> 0 | K5: =OFFSET('4学生课程目标达成度'!K$5,(ROW(K5)-3)*7,) -> 0.74053922 | M5: =$D$2 -> 0.82047872 | N5: =$E$2 -> 0.77990544 | O5: =$F$2 -> 0.5598665 | P5: =$G$2 -> 0.78801418 | Q5: =$H$2 -> 0 | R5: =$I$2 -> 0 | S5: =$J$2 -> 0 | T5: =$K$2 -> 0.71858731 | V5: 0.65 | X5: 课程目标2 | Y5: ='3课程达成度分析报告'!T57 -> 0.81711584 | Z5: 0.65
A6: 3 | B6: ='1课程考核方式及成绩组成'!D13 -> 180301042 | C6: ='1课程考核方式及成绩组成'!E13 -> 覃朝雄 | D6: =OFFSET('4学生课程目标达成度'!J$5,(ROW(D6)-3)*7,) -> 0.97222222 | E6: =OFFSET('4学生课程目标达成度'!J$6,(ROW(E6)-3)*7,) -> 0.85 | F6: =OFFSET('4学生课程目标达成度'!J$7,(ROW(F6)-3)*7,) -> 0.58823529 | G6: =OFFSET('4学生课程目标达成度'!J$8,(ROW(G6)-3)*7,) -> 0.75 | H6: =OFFSET('4学生课程目标达成度'!J$9,(ROW(H6)-3)*7,) -> 0 | I6: =OFFSET('4学生课程目标达成度'!J$10,(ROW(I6)-3)*7,) -> 0 | J6: =OFFSET('4学生课程目标达成度'!J$11,(ROW(J6)-3)*7,) -> 0 | K6: =OFFSET('4学生课程目标达成度'!K$5,(ROW(K6)-3)*7,) -> 0.77289216 | M6: =$D$2 -> 0.82047872 | N6: =$E$2 -> 0.77990544 | O6: =$F$2 -> 0.5598665 | P6: =$G$2 -> 0.78801418 | Q6: =$H$2 -> 0 | R6: =$I$2 -> 0 | S6: =$J$2 -> 0 | T6: =$K$2 -> 0.71858731 | V6: 0.65 | X6: 课程目标3 | Y6: ='3课程达成度分析报告'!T63 -> 0.63909887 | Z6: 0.65
A7: 4 | B7: ='1课程考核方式及成绩组成'!D14 -> 190301001 | C7: ='1课程考核方式及成绩组成'!E14 -> 温佳洛 | D7: =OFFSET('4学生课程目标达成度'!J$5,(ROW(D7)-3)*7,) -> 0.74305556 | E7: =OFFSET('4学生课程目标达成度'!J$6,(ROW(E7)-3)*7,) -> 0.575 | F7: =OFFSET('4学生课程目标达成度'!J$7,(ROW(F7)-3)*7,) -> 0.5 | G7: =OFFSET('4学生课程目标达成度'!J$8,(ROW(G7)-3)*7,) -> 0.77 | H7: =OFFSET('4学生课程目标达成度'!J$9,(ROW(H7)-3)*7,) -> 0 | I7: =OFFSET('4学生课程目标达成度'!J$10,(ROW(I7)-3)*7,) -> 0 | J7: =OFFSET('4学生课程目标达成度'!J$11,(ROW(J7)-3)*7,) -> 0 | K7: =OFFSET('4学生课程目标达成度'!K$5,(ROW(K7)-3)*7,) -> 0.63995833 | M7: =$D$2 -> 0.82047872 | N7: =$E$2 -> 0.77990544 | O7: =$F$2 -> 0.5598665 | P7: =$G$2 -> 0.78801418 | Q7: =$H$2 -> 0 | R7: =$I$2 -> 0 | S7: =$J$2 -> 0 | T7: =$K$2 -> 0.71858731 | V7: 0.65 | X7: 课程目标4 | Y7: ='3课程达成度分析报告'!T69 -> 0.82303546 | Z7: 0.65
A8: 5 | B8: ='1课程考核方式及成绩组成'!D15 -> 190301002 | C8: ='1课程考核方式及成绩组成'!E15 -> 周涛 | D8: =OFFSET('4学生课程目标达成度'!J$5,(ROW(D8)-3)*7,) -> 0.94444444 | E8: =OFFSET('4学生课程目标达成度'!J$6,(ROW(E8)-3)*7,) -> 1 | F8: =OFFSET('4学生课程目标达成度'!J$7,(ROW(F8)-3)*7,) -> 0.73529412 | G8: =OFFSET('4学生课程目标达成度'!J$8,(ROW(G8)-3)*7,) -> 0.87 | H8: =OFFSET('4学生课程目标达成度'!J$9,(ROW(H8)-3)*7,) -> 0 | I8: =OFFSET('4学生课程目标达成度'!J$10,(ROW(I8)-3)*7,) -> 0 | J8: =OFFSET('4学生课程目标达成度'!J$11,(ROW(J8)-3)*7,) -> 0 | K8: =OFFSET('4学生课程目标达成度'!K$5,(ROW(K8)-3)*7,) -> 0.8864902 | M8: =$D$2 -> 0.82047872 | N8: =$E$2 -> 0.77990544 | O8: =$F$2 -> 0.5598665 | P8: =$G$2 -> 0.78801418 | Q8: =$H$2 -> 0 | R8: =$I$2 -> 0 | S8: =$J$2 -> 0 | T8: =$K$2 -> 0.71858731 | V8: 0.65 | X8: 课程目标5 | Y8: ='3课程达成度分析报告'!T75 -> 0 | Z8: 0.65
A9: 6 | B9: ='1课程考核方式及成绩组成'!D16 -> 190301003 | C9: ='1课程考核方式及成绩组成'!E16 -> 何中尉 | D9: =OFFSET('4学生课程目标达成度'!J$5,(ROW(D9)-3)*7,) -> 0.88888889 | E9: =OFFSET('4学生课程目标达成度'!J$6,(ROW(E9)-3)*7,) -> 0.8 | F9: =OFFSET('4学生课程目标达成度'!J$7,(ROW(F9)-3)*7,) -> 0.58823529 | G9: =OFFSET('4学生课程目标达成度'!J$8,(ROW(G9)-3)*7,) -> 0.85 | H9: =OFFSET('4学生课程目标达成度'!J$9,(ROW(H9)-3)*7,) -> 0 | I9: =OFFSET('4学生课程目标达成度'!J$10,(ROW(I9)-3)*7,) -> 0 | J9: =OFFSET('4学生课程目标达成度'!J$11,(ROW(J9)-3)*7,) -> 0 | K9: =OFFSET('4学生课程目标达成度'!K$5,(ROW(K9)-3)*7,) -> 0.77539216 | M9: =$D$2 -> 0.82047872 | N9: =$E$2 -> 0.77990544 | O9: =$F$2 -> 0.5598665 | P9: =$G$2 -> 0.78801418 | Q9: =$H$2 -> 0 | R9: =$I$2 -> 0 | S9: =$J$2 -> 0 | T9: =$K$2 -> 0.71858731 | V9: 0.65 | X9: 课程目标6 | Y9: ='3课程达成度分析报告'!T81 -> 0 | Z9: 0.65
A10: 7 | B10: ='1课程考核方式及成绩组成'!D17 -> 190301004 | C10: ='1课程考核方式及成绩组成'!E17 -> 王华鹏 | D10: =OFFSET('4学生课程目标达成度'!J$5,(ROW(D10)-3)*7,) -> 0.25 | E10: =OFFSET('4学生课程目标达成度'!J$6,(ROW(E10)-3)*7,) -> 0.23333333 | F10: =OFFSET('4学生课程目标达成度'!J$7,(ROW(F10)-3)*7,) -> 0.23529412 | G10: =OFFSET('4学生课程目标达成度'!J$8,(ROW(G10)-3)*7,) -> 0 | H10: =OFFSET('4学生课程目标达成度'!J$9,(ROW(H10)-3)*7,) -> 0 | I10: =OFFSET('4学生课程目标达成度'!J$10,(ROW(I10)-3)*7,) -> 0 | J10: =OFFSET('4学生课程目标达成度'!J$11,(ROW(J10)-3)*7,) -> 0 | K10: =OFFSET('4学生课程目标达成度'!K$5,(ROW(K10)-3)*7,) -> 0.16632353 | M10: =$D$2 -> 0.82047872 | N10: =$E$2 -> 0.77990544 | O10: =$F$2 -> 0.5598665 | P10: =$G$2 -> 0.78801418 | Q10: =$H$2 -> 0 | R10: =$I$2 -> 0 | S10: =$J$2 -> 0 | T10: =$K$2 -> 0.71858731 | V10: 0.65 | X10: 课程目标7 | Y10: ='3课程达成度分析报告'!T87 -> 0 | Z10: 0.65
A11: 8 | B11: ='1课程考核方式及成绩组成'!D18 -> 190301005 | C11: ='1课程考核方式及成绩组成'!E18 -> 袁竹 | D11: =OFFSET('4学生课程目标达成度'!J$5,(ROW(D11)-3)*7,) -> 0.88888889 | E11: =OFFSET('4学生课程目标达成度'!J$6,(ROW(E11)-3)*7,) -> 0.83333333 | F11: =OFFSET('4学生课程目标达成度'!J$7,(ROW(F11)-3)*7,) -> 0.55882353 | G11: =OFFSET('4学生课程目标达成度'!J$8,(ROW(G11)-3)*7,) -> 0.85 | H11: =OFFSET('4学生课程目标达成度'!J$9,(ROW(H11)-3)*7,) -> 0 | I11: =OFFSET('4学生课程目标达成度'!J$10,(ROW(I11)-3)*7,) -> 0 | J11: =OFFSET('4学生课程目标达成度'!J$11,(ROW(J11)-3)*7,) -> 0 | K11: =OFFSET('4学生课程目标达成度'!K$5,(ROW(K11)-3)*7,) -> 0.77803922 | M11: =$D$2 -> 0.82047872 | N11: =$E$2 -> 0.77990544 | O11: =$F$2 -> 0.5598665 | P11: =$G$2 -> 0.78801418 | Q11: =$H$2 -> 0 | R11: =$I$2 -> 0 | S11: =$J$2 -> 0 | T11: =$K$2 -> 0.71858731 | V11: 0.65 | X11: 课程总目标 | Y11: ='3课程达成度分析报告'!T93 -> 0.77878819 | Z11: 0.65
A12: 9 | B12: ='1课程考核方式及成绩组成'!D19 -> 190301006 | C12: ='1课程考核方式及成绩组成'!E19 -> 苟晨雨 | D12: =OFFSET('4学生课程目标达成度'!J$5,(ROW(D12)-3)*7,) -> 0.85416667 | E12: =OFFSET('4学生课程目标达成度'!J$6,(ROW(E12)-3)*7,) -> 0.79166667 | F12: =OFFSET('4学生课程目标达成度'!J$7,(ROW(F12)-3)*7,) -> 0.55882353 | G12: =OFFSET('4学生课程目标达成度'!J$8,(ROW(G12)-3)*7,) -> 0.83 | H12: =OFFSET('4学生课程目标达成度'!J$9,(ROW(H12)-3)*7,) -> 0 | I12: =OFFSET('4学生课程目标达成度'!J$10,(ROW(I12)-3)*7,) -> 0 | J12: =OFFSET('4学生课程目标达成度'!J$11,(ROW(J12)-3)*7,) -> 0 | K12: =OFFSET('4学生课程目标达成度'!K$5,(ROW(K12)-3)*7,) -> 0.75433088 | M12: =$D$2 -> 0.82047872 | N12: =$E$2 -> 0.77990544 | O12: =$F$2 -> 0.5598665 | P12: =$G$2 -> 0.78801418 | Q12: =$H$2 -> 0 | R12: =$I$2 -> 0 | S12: =$J$2 -> 0 | T12: =$K$2 -> 0.71858731 | V12: 0.65 | Z12: 0.65
A13: 10 | B13: ='1课程考核方式及成绩组成'!D20 -> 190301007 | C13: ='1课程考核方式及成绩组成'!E20 -> 夏婧姣 | D13: =OFFSET('4学生课程目标达成度'!J$5,(ROW(D13)-3)*7,) -> 0.65972222 | E13: =OFFSET('4学生课程目标达成度'!J$6,(ROW(E13)-3)*7,) -> 0.65833333 | F13: =OFFSET('4学生课程目标达成度'!J$7,(ROW(F13)-3)*7,) -> 0.29411765 | G13: =OFFSET('4学生课程目标达成度'!J$8,(ROW(G13)-3)*7,) -> 0.75 | H13: =OFFSET('4学生课程目标达成度'!J$9,(ROW(H13)-3)*7,) -> 0 | I13: =OFFSET('4学生课程目标达成度'!J$10,(ROW(I13)-3)*7,) -> 0 | J13: =OFFSET('4学生课程目标达成度'!J$11,(ROW(J13)-3)*7,) -> 0 | K13: =OFFSET('4学生课程目标达成度'!K$5,(ROW(K13)-3)*7,) -> 0.59498775 | M13: =$D$2 -> 0.82047872 | N13: =$E$2 -> 0.77990544 | O13: =$F$2 -> 0.5598665 | P13: =$G$2 -> 0.78801418 | Q13: =$H$2 -> 0 | R13: =$I$2 -> 0 | S13: =$J$2 -> 0 | T13: =$K$2 -> 0.71858731 | V13: 0.65
A14: 11 | B14: ='1课程考核方式及成绩组成'!D21 -> 190301008 | C14: ='1课程考核方式及成绩组成'!E21 -> 王思皓 | D14: =OFFSET('4学生课程目标达成度'!J$5,(ROW(D14)-3)*7,) -> 0.74305556 | E14: =OFFSET('4学生课程目标达成度'!J$6,(ROW(E14)-3)*7,) -> 0.475 | F14: =OFFSET('4学生课程目标达成度'!J$7,(ROW(F14)-3)*7,) -> 0.29411765 | G14: =OFFSET('4学生课程目标达成度'!J$8,(ROW(G14)-3)*7,) -> 0.7 | H14: =OFFSET('4学生课程目标达成度'!J$9,(ROW(H14)-3)*7,) -> 0 | I14: =OFFSET('4学生课程目标达成度'!J$10,(ROW(I14)-3)*7,) -> 0 | J14: =OFFSET('4学生课程目标达成度'!J$11,(ROW(J14)-3)*7,) -> 0 | K14: =OFFSET('4学生课程目标达成度'!K$5,(ROW(K14)-3)*7,) -> 0.53748775 | M14: =$D$2 -> 0.82047872 | N14: =$E$2 -> 0.77990544 | O14: =$F$2 -> 0.5598665 | P14: =$G$2 -> 0.78801418 | Q14: =$H$2 -> 0 | R14: =$I$2 -> 0 | S14: =$J$2 -> 0 | T14: =$K$2 -> 0.71858731 | V14: 0.65
A15: 12 | B15: ='1课程考核方式及成绩组成'!D22 -> 190301009 | C15: ='1课程考核方式及成绩组成'!E22 -> 刘丹 | D15: =OFFSET('4学生课程目标达成度'!J$5,(ROW(D15)-3)*7,) -> 0.77083333 | E15: =OFFSET('4学生课程目标达成度'!J$6,(ROW(E15)-3)*7,) -> 0.775 | F15: =OFFSET('4学生课程目标达成度'!J$7,(ROW(F15)-3)*7,) -> 0.44117647 | G15: =OFFSET('4学生课程目标达成度'!J$8,(ROW(G15)-3)*7,) -> 0.67 | H15: =OFFSET('4学生课程目标达成度'!J$9,(ROW(H15)-3)*7,) -> 0 | I15: =OFFSET('4学生课程目标达成度'!J$10,(ROW(I15)-3)*7,) -> 0 | J15: =OFFSET('4学生课程目标达成度'!J$11,(ROW(J15)-3)*7,) -> 0 | K15: =OFFSET('4学生课程目标达成度'!K$5,(ROW(K15)-3)*7,) -> 0.65941912 | M15: =$D$2 -> 0.82047872 | N15: =$E$2 -> 0.77990544 | O15: =$F$2 -> 0.5598665 | P15: =$G$2 -> 0.78801418 | Q15: =$H$2 -> 0 | R15: =$I$2 -> 0 | S15: =$J$2 -> 0 | T15: =$K$2 -> 0.71858731 | V15: 0.65
A16: 13 | B16: ='1课程考核方式及成绩组成'!D23 -> 190301010 | C16: ='1课程考核方式及成绩组成'!E23 -> 杨星 | D16: =OFFSET('4学生课程目标达成度'!J$5,(ROW(D16)-3)*7,) -> 0.88888889 | E16: =OFFSET('4学生课程目标达成度'!J$6,(ROW(E16)-3)*7,) -> 0.88333333 | F16: =OFFSET('4学生课程目标达成度'!J$7,(ROW(F16)-3)*7,) -> 0.64705882 | G16: =OFFSET('4学生课程目标达成度'!J$8,(ROW(G16)-3)*7,) -> 0.7 | H16: =OFFSET('4学生课程目标达成度'!J$9,(ROW(H16)-3)*7,) -> 0 | I16: =OFFSET('4学生课程目标达成度'!J$10,(ROW(I16)-3)*7,) -> 0 | J16: =OFFSET('4学生课程目标达成度'!J$11,(ROW(J16)-3)*7,) -> 0 | K16: =OFFSET('4学生课程目标达成度'!K$5,(ROW(K16)-3)*7,) -> 0.77009804 | M16: =$D$2 -> 0.82047872 | N16: =$E$2 -> 0.77990544 | O16: =$F$2 -> 0.5598665 | P16: =$G$2 -> 0.78801418 | Q16: =$H$2 -> 0 | R16: =$I$2 -> 0 | S16: =$J$2 -> 0 | T16: =$K$2 -> 0.71858731 | V16: 0.65
A17: 14 | B17: ='1课程考核方式及成绩组成'!D24 -> 190301011 | C17: ='1课程考核方式及成绩组成'!E24 -> 何晨 | D17: =OFFSET('4学生课程目标达成度'!J$5,(ROW(D17)-3)*7,) -> 0.79166667 | E17: =OFFSET('4学生课程目标达成度'!J$6,(ROW(E17)-3)*7,) -> 0.81666667 | F17: =OFFSET('4学生课程目标达成度'!J$7,(ROW(F17)-3)*7,) -> 0.70588235 | G17: =OFFSET('4学生课程目标达成度'!J$8,(ROW(G17)-3)*7,) -> 0.87 | H17: =OFFSET('4学生课程目标达成度'!J$9,(ROW(H17)-3)*7,) -> 0 | I17: =OFFSET('4学生课程目标达成度'!J$10,(ROW(I17)-3)*7,) -> 0 | J17: =OFFSET('4学生课程目标达成度'!J$11,(ROW(J17)-3)*7,) -> 0 | K17: =OFFSET('4学生课程目标达成度'!K$5,(ROW(K17)-3)*7,) -> 0.80122059 | M17: =$D$2 -> 0.82047872 | N17: =$E$2 -> 0.77990544 | O17: =$F$2 -> 0.5598665 | P17: =$G$2 -> 0.78801418 | Q17: =$H$2 -> 0 | R17: =$I$2 -> 0 | S17: =$J$2 -> 0 | T17: =$K$2 -> 0.71858731 | V17: 0.65
A18: 15 | B18: ='1课程考核方式及成绩组成'!D25 -> 190301012 | C18: ='1课程考核方式及成绩组成'!E25 -> 尹昊 | D18: =OFFSET('4学生课程目标达成度'!J$5,(ROW(D18)-3)*7,) -> 0.94444444 | E18: =OFFSET('4学生课程目标达成度'!J$6,(ROW(E18)-3)*7,) -> 0.86666667 | F18: =OFFSET('4学生课程目标达成度'!J$7,(ROW(F18)-3)*7,) -> 0.58823529 | G18: =OFFSET('4学生课程目标达成度'!J$8,(ROW(G18)-3)*7,) -> 0.82 | H18: =OFFSET('4学生课程目标达成度'!J$9,(ROW(H18)-3)*7,) -> 0 | I18: =OFFSET('4学生课程目标达成度'!J$10,(ROW(I18)-3)*7,) -> 0 | J18: =OFFSET('4学生课程目标达成度'!J$11,(ROW(J18)-3)*7,) -> 0 | K18: =OFFSET('4学生课程目标达成度'!K$5,(ROW(K18)-3)*7,) -> 0.79472549 | M18: =$D$2 -> 0.82047872 | N18: =$E$2 -> 0.77990544 | O18: =$F$2 -> 0.5598665 | P18: =$G$2 -> 0.78801418 | Q18: =$H$2 -> 0 | R18: =$I$2 -> 0 | S18: =$J$2 -> 0 | T18: =$K$2 -> 0.71858731 | V18: 0.65
A19: 16 | B19: ='1课程考核方式及成绩组成'!D26 -> 190301013 | C19: ='1课程考核方式及成绩组成'!E26 -> 姜佳幸 | D19: =OFFSET('4学生课程目标达成度'!J$5,(ROW(D19)-3)*7,) -> 0.83333333 | E19: =OFFSET('4学生课程目标达成度'!J$6,(ROW(E19)-3)*7,) -> 0.76666667 | F19: =OFFSET('4学生课程目标达成度'!J$7,(ROW(F19)-3)*7,) -> 0.52941176 | G19: =OFFSET('4学生课程目标达成度'!J$8,(ROW(G19)-3)*7,) -> 0.63 | H19: =OFFSET('4学生课程目标达成度'!J$9,(ROW(H19)-3)*7,) -> 0 | I19: =OFFSET('4学生课程目标达成度'!J$10,(ROW(I19)-3)*7,) -> 0 | J19: =OFFSET('4学生课程目标达成度'!J$11,(ROW(J19)-3)*7,) -> 0 | K19: =OFFSET('4学生课程目标达成度'!K$5,(ROW(K19)-3)*7,) -> 0.67635294 | M19: =$D$2 -> 0.82047872 | N19: =$E$2 -> 0.77990544 | O19: =$F$2 -> 0.5598665 | P19: =$G$2 -> 0.78801418 | Q19: =$H$2 -> 0 | R19: =$I$2 -> 0 | S19: =$J$2 -> 0 | T19: =$K$2 -> 0.71858731 | V19: 0.65
A20: 17 | B20: ='1课程考核方式及成绩组成'!D27 -> 190301014 | C20: ='1课程考核方式及成绩组成'!E27 -> 潘瑞智 | D20: =OFFSET('4学生课程目标达成度'!J$5,(ROW(D20)-3)*7,) -> 0.91666667 | E20: =OFFSET('4学生课程目标达成度'!J$6,(ROW(E20)-3)*7,) -> 0.8 | F20: =OFFSET('4学生课程目标达成度'!J$7,(ROW(F20)-3)*7,) -> 0.55882353 | G20: =OFFSET('4学生课程目标达成度'!J$8,(ROW(G20)-3)*7,) -> 0.83 | H20: =OFFSET('4学生课程目标达成度'!J$9,(ROW(H20)-3)*7,) -> 0 | I20: =OFFSET('4学生课程目标达成度'!J$10,(ROW(I20)-3)*7,) -> 0 | J20: =OFFSET('4学生课程目标达成度'!J$11,(ROW(J20)-3)*7,) -> 0 | K20: =OFFSET('4学生课程目标达成度'!K$5,(ROW(K20)-3)*7,) -> 0.76620588 | M20: =$D$2 -> 0.82047872 | N20: =$E$2 -> 0.77990544 | O20: =$F$2 -> 0.5598665 | P20: =$G$2 -> 0.78801418 | Q20: =$H$2 -> 0 | R20: =$I$2 -> 0 | S20: =$J$2 -> 0 | T20: =$K$2 -> 0.71858731 | V20: 0.65
A21: 18 | B21: ='1课程考核方式及成绩组成'!D28 -> 190301015 | C21: ='1课程考核方式及成绩组成'!E28 -> 陈俊 | D21: =OFFSET('4学生课程目标达成度'!J$5,(ROW(D21)-3)*7,) -> 0.91666667 | E21: =OFFSET('4学生课程目标达成度'!J$6,(ROW(E21)-3)*7,) -> 0.88333333 | F21: =OFFSET('4学生课程目标达成度'!J$7,(ROW(F21)-3)*7,) -> 0.5 | G21: =OFFSET('4学生课程目标达成度'!J$8,(ROW(G21)-3)*7,) -> 0.82 | H21: =OFFSET('4学生课程目标达成度'!J$9,(ROW(H21)-3)*7,) -> 0 | I21: =OFFSET('4学生课程目标达成度'!J$10,(ROW(I21)-3)*7,) -> 0 | J21: =OFFSET('4学生课程目标达成度'!J$11,(ROW(J21)-3)*7,) -> 0 | K21: =OFFSET('4学生课程目标达成度'!K$5,(ROW(K21)-3)*7,) -> 0.7735 | M21: =$D$2 -> 0.82047872 | N21: =$E$2 -> 0.77990544 | O21: =$F$2 -> 0.5598665 | P21: =$G$2 -> 0.78801418 | Q21: =$H$2 -> 0 | R21: =$I$2 -> 0 | S21: =$J$2 -> 0 | T21: =$K$2 -> 0.71858731 | V21: 0.65
A22: 19 | B22: ='1课程考核方式及成绩组成'!D29 -> 190301016 | C22: ='1课程考核方式及成绩组成'!E29 -> 任昌鹏 | D22: =OFFSET('4学生课程目标达成度'!J$5,(ROW(D22)-3)*7,) -> 1 | E22: =OFFSET('4学生课程目标达成度'!J$6,(ROW(E22)-3)*7,) -> 0.88333333 | F22: =OFFSET('4学生课程目标达成度'!J$7,(ROW(F22)-3)*7,) -> 0.79411765 | G22: =OFFSET('4学生课程目标达成度'!J$8,(ROW(G22)-3)*7,) -> 0.77 | H22: =OFFSET('4学生课程目标达成度'!J$9,(ROW(H22)-3)*7,) -> 0 | I22: =OFFSET('4学生课程目标达成度'!J$10,(ROW(I22)-3)*7,) -> 0 | J22: =OFFSET('4学生课程目标达成度'!J$11,(ROW(J22)-3)*7,) -> 0 | K22: =OFFSET('4学生课程目标达成度'!K$5,(ROW(K22)-3)*7,) -> 0.84452941 | M22: =$D$2 -> 0.82047872 | N22: =$E$2 -> 0.77990544 | O22: =$F$2 -> 0.5598665 | P22: =$G$2 -> 0.78801418 | Q22: =$H$2 -> 0 | R22: =$I$2 -> 0 | S22: =$J$2 -> 0 | T22: =$K$2 -> 0.71858731 | V22: 0.65
A23: 20 | B23: ='1课程考核方式及成绩组成'!D30 -> 190301017 | C23: ='1课程考核方式及成绩组成'!E30 -> 王聪 | D23: =OFFSET('4学生课程目标达成度'!J$5,(ROW(D23)-3)*7,) -> 0.88888889 | E23: =OFFSET('4学生课程目标达成度'!J$6,(ROW(E23)-3)*7,) -> 0.76666667 | F23: =OFFSET('4学生课程目标达成度'!J$7,(ROW(F23)-3)*7,) -> 0.61764706 | G23: =OFFSET('4学生课程目标达成度'!J$8,(ROW(G23)-3)*7,) -> 0.83 | H23: =OFFSET('4学生课程目标达成度'!J$9,(ROW(H23)-3)*7,) -> 0 | I23: =OFFSET('4学生课程目标达成度'!J$10,(ROW(I23)-3)*7,) -> 0 | J23: =OFFSET('4学生课程目标达成度'!J$11,(ROW(J23)-3)*7,) -> 0 | K23: =OFFSET('4学生课程目标达成度'!K$5,(ROW(K23)-3)*7,) -> 0.7667451 | M23: =$D$2 -> 0.82047872 | N23: =$E$2 -> 0.77990544 | O23: =$F$2 -> 0.5598665 | P23: =$G$2 -> 0.78801418 | Q23: =$H$2 -> 0 | R23: =$I$2 -> 0 | S23: =$J$2 -> 0 | T23: =$K$2 -> 0.71858731 | V23: 0.65
A24: 21 | B24: ='1课程考核方式及成绩组成'!D31 -> 190301018 | C24: ='1课程考核方式及成绩组成'!E31 -> 胡雨梦 | D24: =OFFSET('4学生课程目标达成度'!J$5,(ROW(D24)-3)*7,) -> 0.94444444 | E24: =OFFSET('4学生课程目标达成度'!J$6,(ROW(E24)-3)*7,) -> 0.86666667 | F24: =OFFSET('4学生课程目标达成度'!J$7,(ROW(F24)-3)*7,) -> 0.55882353 | G24: =OFFSET('4学生课程目标达成度'!J$8,(ROW(G24)-3)*7,) -> 0.72 | H24: =OFFSET('4学生课程目标达成度'!J$9,(ROW(H24)-3)*7,) -> 0 | I24: =OFFSET('4学生课程目标达成度'!J$10,(ROW(I24)-3)*7,) -> 0 | J24: =OFFSET('4学生课程目标达成度'!J$11,(ROW(J24)-3)*7,) -> 0 | K24: =OFFSET('4学生课程目标达成度'!K$5,(ROW(K24)-3)*7,) -> 0.75737255 | M24: =$D$2 -> 0.82047872 | N24: =$E$2 -> 0.77990544 | O24: =$F$2 -> 0.5598665 | P24: =$G$2 -> 0.78801418 | Q24: =$H$2 -> 0 | R24: =$I$2 -> 0 | S24: =$J$2 -> 0 | T24: =$K$2 -> 0.71858731 | V24: 0.65
... A143: 140 | B143: ='1课程考核方式及成绩组成'!D150 -> 221307136 | C143: ='1课程考核方式及成绩组成'!E150 -> 肖杰文 | D143: =OFFSET('4学生课程目标达成度'!J$5,(ROW(D143)-3)*7,) -> 0.75833333 | E143: =OFFSET('4学生课程目标达成度'!J$6,(ROW(E143)-3)*7,) -> 0.79166667 | F143: =OFFSET('4学生课程目标达成度'!J$7,(ROW(F143)-3)*7,) -> 0.61764706 | G143: =OFFSET('4学生课程目标达成度'!J$8,(ROW(G143)-3)*7,) -> 0.82 | H143: =OFFSET('4学生课程目标达成度'!J$9,(ROW(H143)-3)*7,) -> 0 | I143: =OFFSET('4学生课程目标达成度'!J$10,(ROW(I143)-3)*7,) -> 0 | J143: =OFFSET('4学生课程目标达成度'!J$11,(ROW(J143)-3)*7,) -> 0 | K143: =OFFSET('4学生课程目标达成度'!K$5,(ROW(K143)-3)*7,) -> 0.75166176 | M143: =$D$2 -> 0.82047872 | N143: =$E$2 -> 0.77990544 | O143: =$F$2 -> 0.5598665 | P143: =$G$2 -> 0.78801418 | Q143: =$H$2 -> 0 | R143: =$I$2 -> 0 | S143: =$J$2 -> 0 | T143: =$K$2 -> 0.71858731 | V143: 0.65
